agency_name,date,stock_price
JYP,2018-01-02,13350
JYP,2018-01-03,13150
JYP,2018-01-04,12800
JYP,2018-01-05,13350
JYP,2018-01-08,12900
JYP,2018-01-09,13150
JYP,2018-01-10,13450
JYP,2018-01-11,13400
JYP,2018-01-12,13050
JYP,2018-01-15,14000
JYP,2018-01-16,14500
JYP,2018-01-17,16200
JYP,2018-01-18,15950
JYP,2018-01-19,16650
JYP,2018-01-22,16550
JYP,2018-01-23,16050
JYP,2018-01-24,16100
JYP,2018-01-25,15850
JYP,2018-01-26,16400
JYP,2018-01-29,16050
JYP,2018-01-30,16150
JYP,2018-01-31,15650
JYP,2018-02-01,16450
JYP,2018-02-02,16050
JYP,2018-02-05,15550
JYP,2018-02-06,15500
JYP,2018-02-07,15000
JYP,2018-02-08,16600
JYP,2018-02-09,16600
JYP,2018-02-12,16900
JYP,2018-02-13,15850
JYP,2018-02-14,16400
JYP,2018-02-19,17400
JYP,2018-02-20,16900
JYP,2018-02-21,16700
JYP,2018-02-22,16650
JYP,2018-02-23,16950
JYP,2018-02-26,17050
JYP,2018-02-27,17000
JYP,2018-02-28,16900
JYP,2018-03-02,17500
JYP,2018-03-05,17450
JYP,2018-03-06,18000
JYP,2018-03-07,17900
JYP,2018-03-08,18400
JYP,2018-03-09,18700
JYP,2018-03-12,19050
JYP,2018-03-13,19300
JYP,2018-03-14,19700
JYP,2018-03-15,19850
JYP,2018-03-16,20350
JYP,2018-03-19,21200
JYP,2018-03-20,21250
JYP,2018-03-21,20250
JYP,2018-03-22,20600
JYP,2018-03-23,20600
JYP,2018-03-26,21400
JYP,2018-03-27,22450
JYP,2018-03-28,22650
JYP,2018-03-29,22950
JYP,2018-03-30,23150
JYP,2018-04-02,24000
JYP,2018-04-03,24100
JYP,2018-04-04,23350
JYP,2018-04-05,22300
JYP,2018-04-06,22000
JYP,2018-04-09,22550
JYP,2018-04-10,22600
JYP,2018-04-11,21750
JYP,2018-04-12,21150
JYP,2018-04-13,21250
JYP,2018-04-16,22500
JYP,2018-04-17,23600
JYP,2018-04-18,23850
JYP,2018-04-19,22950
JYP,2018-04-20,22900
JYP,2018-04-23,22000
JYP,2018-04-24,22050
JYP,2018-04-25,22100
JYP,2018-04-26,22050
JYP,2018-04-27,22350
JYP,2018-04-30,21450
JYP,2018-05-02,20250
JYP,2018-05-03,20700
JYP,2018-05-04,20450
JYP,2018-05-08,19950
JYP,2018-05-09,19950
JYP,2018-05-10,19400
JYP,2018-05-11,20050
JYP,2018-05-14,19500
JYP,2018-05-15,20700
JYP,2018-05-16,21950
JYP,2018-05-17,21250
JYP,2018-05-18,21850
JYP,2018-05-21,22100
JYP,2018-05-23,21800
JYP,2018-05-24,22300
JYP,2018-05-25,22300
JYP,2018-05-28,23050
JYP,2018-05-29,24500
JYP,2018-05-30,24450
JYP,2018-05-31,24800
JYP,2018-06-01,25000
JYP,2018-06-04,25250
JYP,2018-06-05,24050
JYP,2018-06-07,24000
JYP,2018-06-08,24450
JYP,2018-06-11,24100
JYP,2018-06-12,24550
JYP,2018-06-14,24350
JYP,2018-06-15,24800
JYP,2018-06-18,24200
JYP,2018-06-19,23800
JYP,2018-06-20,24450
JYP,2018-06-21,26200
JYP,2018-06-22,25850
JYP,2018-06-25,25300
JYP,2018-06-26,25500
JYP,2018-06-27,25250
JYP,2018-06-28,25450
JYP,2018-06-29,26400
JYP,2018-07-02,25200
JYP,2018-07-03,26500
JYP,2018-07-04,25950
JYP,2018-07-05,25350
JYP,2018-07-06,25800
JYP,2018-07-09,26150
JYP,2018-07-10,25450
JYP,2018-07-11,24800
JYP,2018-07-12,25850
JYP,2018-07-13,26600
JYP,2018-07-16,26150
JYP,2018-07-17,25450
JYP,2018-07-18,24500
JYP,2018-07-19,23700
JYP,2018-07-20,24050
JYP,2018-07-23,23150
JYP,2018-07-24,23550
JYP,2018-07-25,22700
JYP,2018-07-26,24250
JYP,2018-07-27,24200
JYP,2018-07-30,23200
JYP,2018-07-31,22700
JYP,2018-08-01,23300
JYP,2018-08-02,23100
JYP,2018-08-03,23200
JYP,2018-08-06,22350
JYP,2018-08-07,22300
JYP,2018-08-08,22950
JYP,2018-08-09,23200
JYP,2018-08-10,23650
JYP,2018-08-13,23050
JYP,2018-08-14,23750
JYP,2018-08-16,25700
JYP,2018-08-17,26400
JYP,2018-08-20,26950
JYP,2018-08-21,28650
JYP,2018-08-22,29000
JYP,2018-08-23,29900
JYP,2018-08-24,29800
JYP,2018-08-27,31400
JYP,2018-08-28,30600
JYP,2018-08-29,31300
JYP,2018-08-30,31600
JYP,2018-08-31,32250
JYP,2018-09-03,31850
JYP,2018-09-04,31850
JYP,2018-09-05,31950
JYP,2018-09-06,32450
JYP,2018-09-07,34200
JYP,2018-09-10,32950
JYP,2018-09-11,33300
JYP,2018-09-12,33950
JYP,2018-09-13,34700
JYP,2018-09-14,34800
JYP,2018-09-17,35200
JYP,2018-09-18,34900
JYP,2018-09-19,36650
JYP,2018-09-20,36950
JYP,2018-09-21,36600
JYP,2018-09-27,36400
JYP,2018-09-28,37100
JYP,2018-10-01,38100
JYP,2018-10-02,37050
JYP,2018-10-04,37300
JYP,2018-10-05,37850
JYP,2018-10-08,36350
JYP,2018-10-10,36600
JYP,2018-10-11,35450
JYP,2018-10-12,36050
JYP,2018-10-15,35700
JYP,2018-10-16,36850
JYP,2018-10-17,38050
JYP,2018-10-18,36950
JYP,2018-10-19,37900
JYP,2018-10-22,39150
JYP,2018-10-23,38900
JYP,2018-10-24,31000
JYP,2018-10-25,30250
JYP,2018-10-26,27400
JYP,2018-10-29,26750
JYP,2018-10-30,28500
JYP,2018-10-31,28600
JYP,2018-11-01,30050
JYP,2018-11-02,31500
JYP,2018-11-05,30500
JYP,2018-11-06,30200
JYP,2018-11-07,29250
JYP,2018-11-08,28700
JYP,2018-11-09,29750
JYP,2018-11-12,31050
JYP,2018-11-13,30800
JYP,2018-11-14,32600
JYP,2018-11-15,34400
JYP,2018-11-16,34450
JYP,2018-11-19,34300
JYP,2018-11-20,33800
JYP,2018-11-21,33350
JYP,2018-11-22,32750
JYP,2018-11-23,32050
JYP,2018-11-26,33600
JYP,2018-11-27,33600
JYP,2018-11-28,33000
JYP,2018-11-29,32800
JYP,2018-11-30,32400
JYP,2018-12-03,32450
JYP,2018-12-04,33100
JYP,2018-12-05,31400
JYP,2018-12-06,30200
JYP,2018-12-07,30750
JYP,2018-12-10,30100
JYP,2018-12-11,29800
JYP,2018-12-12,30600
JYP,2018-12-13,30850
JYP,2018-12-14,31350
JYP,2018-12-17,28850
JYP,2018-12-18,28950
JYP,2018-12-19,29950
JYP,2018-12-20,29500
JYP,2018-12-21,30200
JYP,2018-12-24,30950
JYP,2018-12-26,31600
JYP,2018-12-27,31000
JYP,2018-12-28,30250
JYP,2019-01-02,29050
JYP,2019-01-03,28300
JYP,2019-01-04,30250
JYP,2019-01-07,31350
JYP,2019-01-08,31500
JYP,2019-01-09,31550
JYP,2019-01-10,31500
JYP,2019-01-11,30900
JYP,2019-01-14,30900
JYP,2019-01-15,32950
JYP,2019-01-16,33150
JYP,2019-01-17,31800
JYP,2019-01-18,31650
JYP,2019-01-21,28800
JYP,2019-01-22,29300
JYP,2019-01-23,27600
JYP,2019-01-24,27850
JYP,2019-01-25,28000
JYP,2019-01-28,27650
JYP,2019-01-29,27650
JYP,2019-01-30,27700
JYP,2019-01-31,28700
JYP,2019-02-01,28250
JYP,2019-02-07,28800
JYP,2019-02-08,28550
JYP,2019-02-11,29200
JYP,2019-02-12,29600
JYP,2019-02-13,29500
JYP,2019-02-14,29200
JYP,2019-02-15,29850
JYP,2019-02-18,29900
JYP,2019-02-19,29400
JYP,2019-02-20,29600
JYP,2019-02-21,30150
JYP,2019-02-22,29800
JYP,2019-02-25,29800
JYP,2019-02-26,29400
JYP,2019-02-27,29000
JYP,2019-02-28,28500
JYP,2019-03-04,28650
JYP,2019-03-05,28700
JYP,2019-03-06,30000
JYP,2019-03-07,29350
JYP,2019-03-08,30100
JYP,2019-03-11,31200
JYP,2019-03-12,29950
JYP,2019-03-13,30000
JYP,2019-03-14,29050
JYP,2019-03-15,28150
JYP,2019-03-18,28550
JYP,2019-03-19,28900
JYP,2019-03-20,29300
JYP,2019-03-21,29200
JYP,2019-03-22,29450
JYP,2019-03-25,29400
JYP,2019-03-26,29950
JYP,2019-03-27,29750
JYP,2019-03-28,29800
JYP,2019-03-29,30800
JYP,2019-04-01,30600
JYP,2019-04-02,32300
JYP,2019-04-03,32500
JYP,2019-04-04,32450
JYP,2019-04-05,32500
JYP,2019-04-08,32050
JYP,2019-04-09,31950
JYP,2019-04-10,31400
JYP,2019-04-11,31550
JYP,2019-04-12,31500
JYP,2019-04-15,31350
JYP,2019-04-16,31500
JYP,2019-04-17,31250
JYP,2019-04-18,30550
JYP,2019-04-19,30900
JYP,2019-04-22,31550
JYP,2019-04-23,30850
JYP,2019-04-24,30550
JYP,2019-04-25,29800
JYP,2019-04-26,29350
JYP,2019-04-29,29300
JYP,2019-04-30,29800
JYP,2019-05-02,29800
JYP,2019-05-03,29750
JYP,2019-05-07,29100
JYP,2019-05-08,28900
JYP,2019-05-09,27200
JYP,2019-05-10,27550
JYP,2019-05-13,27250
JYP,2019-05-14,27750
JYP,2019-05-15,28900
JYP,2019-05-16,28650
JYP,2019-05-17,27650
JYP,2019-05-20,27600
JYP,2019-05-21,26850
JYP,2019-05-22,26250
JYP,2019-05-23,25500
JYP,2019-05-24,25350
JYP,2019-05-27,25500
JYP,2019-05-28,25700
JYP,2019-05-29,25050
JYP,2019-05-30,25900
JYP,2019-05-31,25500
JYP,2019-06-03,25550
JYP,2019-06-04,26000
JYP,2019-06-05,26200
JYP,2019-06-07,26300
JYP,2019-06-10,26300
JYP,2019-06-11,26750
JYP,2019-06-12,26400
JYP,2019-06-13,26000
JYP,2019-06-14,25450
JYP,2019-06-17,25550
JYP,2019-06-18,25450
JYP,2019-06-19,25650
JYP,2019-06-20,25650
JYP,2019-06-21,25150
JYP,2019-06-24,23900
JYP,2019-06-25,24150
JYP,2019-06-26,23950
JYP,2019-06-27,24200
JYP,2019-06-28,23900
JYP,2019-07-01,23050
JYP,2019-07-02,23150
JYP,2019-07-03,22550
JYP,2019-07-04,23150
JYP,2019-07-05,24000
JYP,2019-07-08,22600
JYP,2019-07-09,21900
JYP,2019-07-10,23050
JYP,2019-07-11,22950
JYP,2019-07-12,22500
JYP,2019-07-15,22000
JYP,2019-07-16,21600
JYP,2019-07-17,20700
JYP,2019-07-18,20750
JYP,2019-07-19,21200
JYP,2019-07-22,20800
JYP,2019-07-23,20650
JYP,2019-07-24,20600
JYP,2019-07-25,20650
JYP,2019-07-26,21400
JYP,2019-07-29,19850
JYP,2019-07-30,19900
JYP,2019-07-31,20350
JYP,2019-08-01,21000
JYP,2019-08-02,20200
JYP,2019-08-05,17750
JYP,2019-08-06,17650
JYP,2019-08-07,17850
JYP,2019-08-08,18900
JYP,2019-08-09,18600
JYP,2019-08-12,18700
JYP,2019-08-13,18250
JYP,2019-08-14,18800
JYP,2019-08-16,18150
JYP,2019-08-19,17650
JYP,2019-08-20,18350
JYP,2019-08-21,19350
JYP,2019-08-22,19350
JYP,2019-08-23,18350
JYP,2019-08-26,16950
JYP,2019-08-27,17650
JYP,2019-08-28,19050
JYP,2019-08-29,18900
JYP,2019-08-30,19150
JYP,2019-09-02,19450
JYP,2019-09-03,19250
JYP,2019-09-04,19150
JYP,2019-09-05,19350
JYP,2019-09-06,19000
JYP,2019-09-09,19950
JYP,2019-09-10,21100
JYP,2019-09-11,21850
JYP,2019-09-16,22000
JYP,2019-09-17,21850
JYP,2019-09-18,22700
JYP,2019-09-19,22950
JYP,2019-09-20,22700
JYP,2019-09-23,22900
JYP,2019-09-24,22250
JYP,2019-09-25,21600
JYP,2019-09-26,21750
JYP,2019-09-27,22000
JYP,2019-09-30,21550
JYP,2019-10-01,22100
JYP,2019-10-02,22000
JYP,2019-10-04,21800
JYP,2019-10-07,21750
JYP,2019-10-08,21250
JYP,2019-10-10,21000
JYP,2019-10-11,21350
JYP,2019-10-14,22550
JYP,2019-10-15,22500
JYP,2019-10-16,22050
JYP,2019-10-17,21700
JYP,2019-10-18,21350
JYP,2019-10-21,21350
JYP,2019-10-22,21600
JYP,2019-10-23,21450
JYP,2019-10-24,22250
JYP,2019-10-25,21800
JYP,2019-10-28,22100
JYP,2019-10-29,22700
JYP,2019-10-30,22600
JYP,2019-10-31,22400
JYP,2019-11-01,22650
JYP,2019-11-04,22650
JYP,2019-11-05,22100
JYP,2019-11-06,22400
JYP,2019-11-07,22250
JYP,2019-11-08,21800
JYP,2019-11-11,21850
JYP,2019-11-12,21500
JYP,2019-11-13,21200
JYP,2019-11-14,22100
JYP,2019-11-15,22700
JYP,2019-11-18,23500
JYP,2019-11-19,23500
JYP,2019-11-20,22900
JYP,2019-11-21,22200
JYP,2019-11-22,21950
JYP,2019-11-25,22900
JYP,2019-11-26,22750
JYP,2019-11-27,22250
JYP,2019-11-28,22150
JYP,2019-11-29,22200
JYP,2019-12-02,22350
JYP,2019-12-03,22050
JYP,2019-12-04,21750
JYP,2019-12-05,21750
JYP,2019-12-06,22000
JYP,2019-12-09,21700
JYP,2019-12-10,21700
JYP,2019-12-11,21900
JYP,2019-12-12,21950
JYP,2019-12-13,22400
JYP,2019-12-16,22500
JYP,2019-12-17,22550
JYP,2019-12-18,23000
JYP,2019-12-19,23150
JYP,2019-12-20,23000
JYP,2019-12-23,23000
JYP,2019-12-24,22900
JYP,2019-12-26,23500
JYP,2019-12-27,23850
JYP,2019-12-30,24150
JYP,2020-01-02,24100
JYP,2020-01-03,24200
JYP,2020-01-06,22900
JYP,2020-01-07,23250
JYP,2020-01-08,22650
JYP,2020-01-09,23600
JYP,2020-01-10,23500
JYP,2020-01-13,26050
JYP,2020-01-14,25900
JYP,2020-01-15,26500
JYP,2020-01-16,26850
JYP,2020-01-17,26850
JYP,2020-01-20,26800
JYP,2020-01-21,26250
JYP,2020-01-22,27300
JYP,2020-01-23,27000
JYP,2020-01-28,25200
JYP,2020-01-29,25900
JYP,2020-01-30,25450
JYP,2020-01-31,24700
JYP,2020-02-03,25200
JYP,2020-02-04,25450
JYP,2020-02-05,25300
JYP,2020-02-06,25700
JYP,2020-02-07,25750
JYP,2020-02-10,25600
JYP,2020-02-11,25500
JYP,2020-02-12,25350
JYP,2020-02-13,25050
JYP,2020-02-14,25100
JYP,2020-02-17,25600
JYP,2020-02-18,25200
JYP,2020-02-19,24800
JYP,2020-02-20,23950
JYP,2020-02-21,22850
JYP,2020-02-24,21500
JYP,2020-02-25,22900
JYP,2020-02-26,23000
JYP,2020-02-27,22500
JYP,2020-02-28,21150
JYP,2020-03-02,22500
JYP,2020-03-03,22600
JYP,2020-03-04,23550
JYP,2020-03-05,23050
JYP,2020-03-06,21550
JYP,2020-03-09,19850
JYP,2020-03-10,20500
JYP,2020-03-11,19650
JYP,2020-03-12,17700
JYP,2020-03-13,17900
JYP,2020-03-16,17850
JYP,2020-03-17,17800
JYP,2020-03-18,17400
JYP,2020-03-19,16550
JYP,2020-03-20,17700
JYP,2020-03-23,15350
JYP,2020-03-24,16600
JYP,2020-03-25,18150
JYP,2020-03-26,18000
JYP,2020-03-27,17950
JYP,2020-03-30,17600
JYP,2020-03-31,17800
JYP,2020-04-01,17350
JYP,2020-04-02,17700
JYP,2020-04-03,17600
JYP,2020-04-06,18450
JYP,2020-04-07,18850
JYP,2020-04-08,19250
JYP,2020-04-09,19200
JYP,2020-04-10,19950
JYP,2020-04-13,19450
JYP,2020-04-14,20350
JYP,2020-04-16,20800
JYP,2020-04-17,21000
JYP,2020-04-20,20850
JYP,2020-04-21,20250
JYP,2020-04-22,20250
JYP,2020-04-23,20300
JYP,2020-04-24,19800
JYP,2020-04-27,20100
JYP,2020-04-28,20800
JYP,2020-04-29,20750
JYP,2020-05-04,20450
JYP,2020-05-06,20750
JYP,2020-05-07,20800
JYP,2020-05-08,20950
JYP,2020-05-11,20550
JYP,2020-05-12,20100
JYP,2020-05-13,20750
JYP,2020-05-14,21400
JYP,2020-05-15,21300
JYP,2020-05-18,21350
JYP,2020-05-19,24050
JYP,2020-05-20,23800
JYP,2020-05-21,24100
JYP,2020-05-22,22950
JYP,2020-05-25,23100
JYP,2020-05-26,23600
JYP,2020-05-27,23800
JYP,2020-05-28,22850
JYP,2020-05-29,22850
JYP,2020-06-01,23650
JYP,2020-06-02,23250
JYP,2020-06-03,23200
JYP,2020-06-04,22800
JYP,2020-06-05,23050
JYP,2020-06-08,23600
JYP,2020-06-09,23350
JYP,2020-06-10,23550
JYP,2020-06-11,22850
JYP,2020-06-12,21900
JYP,2020-06-15,20250
JYP,2020-06-16,20800
JYP,2020-06-17,20850
JYP,2020-06-18,20350
JYP,2020-06-19,20300
JYP,2020-06-22,19850
JYP,2020-06-23,19900
JYP,2020-06-24,19900
JYP,2020-06-25,19100
JYP,2020-06-26,19150
JYP,2020-06-29,19150
JYP,2020-06-30,21200
JYP,2020-07-01,21650
JYP,2020-07-02,22950
JYP,2020-07-03,24250
JYP,2020-07-06,25200
JYP,2020-07-07,24950
JYP,2020-07-08,27900
JYP,2020-07-09,28150
JYP,2020-07-10,29050
JYP,2020-07-13,28550
JYP,2020-07-14,29200
JYP,2020-07-15,29250
JYP,2020-07-16,29450
JYP,2020-07-17,31250
JYP,2020-07-20,32450
JYP,2020-07-21,31950
JYP,2020-07-22,32000
JYP,2020-07-23,31400
JYP,2020-07-24,30300
JYP,2020-07-27,30850
JYP,2020-07-28,30250
JYP,2020-07-29,31250
JYP,2020-07-30,29700
JYP,2020-07-31,29850
JYP,2020-08-03,30100
JYP,2020-08-04,31800
JYP,2020-08-05,32850
JYP,2020-08-06,32150
JYP,2020-08-07,32500
JYP,2020-08-10,35400
JYP,2020-08-11,35200
JYP,2020-08-12,34800
JYP,2020-08-13,36850
JYP,2020-08-14,36350
JYP,2020-08-18,34500
JYP,2020-08-19,36950
JYP,2020-08-20,35000
JYP,2020-08-21,34650
JYP,2020-08-24,35200
JYP,2020-08-25,35600
JYP,2020-08-26,36250
JYP,2020-08-27,35000
JYP,2020-08-28,35100
JYP,2020-08-31,34850
JYP,2020-09-01,36500
JYP,2020-09-02,37500
JYP,2020-09-03,39900
JYP,2020-09-04,40800
JYP,2020-09-07,41000
JYP,2020-09-08,42450
JYP,2020-09-09,40650
JYP,2020-09-10,40600
JYP,2020-09-11,40800
JYP,2020-09-14,39950
JYP,2020-09-15,40050
JYP,2020-09-16,40100
JYP,2020-09-17,39200
JYP,2020-09-18,40000
JYP,2020-09-21,38550
JYP,2020-09-22,36900
JYP,2020-09-23,38300
JYP,2020-09-24,35350
JYP,2020-09-25,34700
JYP,2020-09-28,38150
JYP,2020-09-29,38250
JYP,2020-10-05,36450
JYP,2020-10-06,36550
JYP,2020-10-07,36800
JYP,2020-10-08,35950
JYP,2020-10-12,34900
JYP,2020-10-13,36600
JYP,2020-10-14,35950
JYP,2020-10-15,34050
JYP,2020-10-16,34550
JYP,2020-10-19,33500
JYP,2020-10-20,33400
JYP,2020-10-21,33800
JYP,2020-10-22,32550
JYP,2020-10-23,32750
JYP,2020-10-26,31600
JYP,2020-10-27,32200
JYP,2020-10-28,32950
JYP,2020-10-29,31850
JYP,2020-10-30,30550
JYP,2020-11-02,31700
JYP,2020-11-03,32500
JYP,2020-11-04,33400
JYP,2020-11-05,35300
JYP,2020-11-06,34450
JYP,2020-11-09,35150
JYP,2020-11-10,35850
JYP,2020-11-11,34950
JYP,2020-11-12,34850
JYP,2020-11-13,35900
JYP,2020-11-16,38100
JYP,2020-11-17,37950
JYP,2020-11-18,39850
JYP,2020-11-19,39800
JYP,2020-11-20,39900
JYP,2020-11-23,39950
JYP,2020-11-24,39000
JYP,2020-11-25,39900
JYP,2020-11-26,39000
JYP,2020-11-27,39300
JYP,2020-11-30,37950
JYP,2020-12-01,39350
JYP,2020-12-02,39150
JYP,2020-12-03,43250
JYP,2020-12-04,40650
JYP,2020-12-07,39150
JYP,2020-12-08,37900
JYP,2020-12-09,38050
JYP,2020-12-10,38600
JYP,2020-12-11,38750
JYP,2020-12-14,38200
JYP,2020-12-15,38050
JYP,2020-12-16,38100
JYP,2020-12-17,37100
JYP,2020-12-18,37300
JYP,2020-12-21,36750
JYP,2020-12-22,35350
JYP,2020-12-23,37150
JYP,2020-12-24,37050
JYP,2020-12-28,38500
JYP,2020-12-29,38650
JYP,2020-12-30,38400
JYP,2021-01-04,37550
JYP,2021-01-05,37250
JYP,2021-01-06,36700
JYP,2021-01-07,36650
JYP,2021-01-08,37800
JYP,2021-01-11,36200
JYP,2021-01-12,36900
JYP,2021-01-13,37000
JYP,2021-01-14,37050
JYP,2021-01-15,36250
JYP,2021-01-18,35900
JYP,2021-01-19,36500
JYP,2021-01-20,38500
JYP,2021-01-21,37850
JYP,2021-01-22,38000
JYP,2021-01-25,37700
JYP,2021-01-26,36400
JYP,2021-01-27,35200
JYP,2021-01-28,34150
JYP,2021-01-29,32500
JYP,2021-02-01,33600
JYP,2021-02-02,34100
JYP,2021-02-03,34300
JYP,2021-02-04,33450
JYP,2021-02-05,33350
JYP,2021-02-08,33400
JYP,2021-02-09,33150
JYP,2021-02-10,33800
JYP,2021-02-15,34150
JYP,2021-02-16,36450
JYP,2021-02-17,37600
JYP,2021-02-18,37000
JYP,2021-02-19,36700
JYP,2021-02-22,35650
JYP,2021-02-23,35500
JYP,2021-02-24,35500
JYP,2021-02-25,37450
JYP,2021-02-26,36500
JYP,2021-03-02,37800
JYP,2021-03-03,37950
JYP,2021-03-04,36950
JYP,2021-03-05,37450
JYP,2021-03-08,35700
JYP,2021-03-09,34200
JYP,2021-03-10,33300
JYP,2021-03-11,34300
JYP,2021-03-12,34500
JYP,2021-03-15,34300
JYP,2021-03-16,35000
JYP,2021-03-17,35150
JYP,2021-03-18,35200
JYP,2021-03-19,35350
JYP,2021-03-22,35400
JYP,2021-03-23,35400
JYP,2021-03-24,36150
JYP,2021-03-25,36500
JYP,2021-03-26,35700
JYP,2021-03-29,34850
JYP,2021-03-30,35600
JYP,2021-03-31,35600
JYP,2021-04-01,34700
JYP,2021-04-02,34900
JYP,2021-04-05,34550
JYP,2021-04-06,34400
JYP,2021-04-07,35000
JYP,2021-04-08,34950
JYP,2021-04-09,34300
JYP,2021-04-12,34050
JYP,2021-04-13,34200
JYP,2021-04-14,33950
JYP,2021-04-15,34100
JYP,2021-04-16,34800
JYP,2021-04-19,34350
JYP,2021-04-20,34500
JYP,2021-04-21,33850
JYP,2021-04-22,34150
JYP,2021-04-23,33800
JYP,2021-04-26,33800
JYP,2021-04-27,33950
JYP,2021-04-28,33350
JYP,2021-04-29,33350
JYP,2021-04-30,32900
JYP,2021-05-03,31500
JYP,2021-05-04,31550
JYP,2021-05-06,30950
JYP,2021-05-07,33050
JYP,2021-05-10,34000
JYP,2021-05-11,33050
JYP,2021-05-12,33900
JYP,2021-05-13,33450
JYP,2021-05-14,35900
JYP,2021-05-17,37650
JYP,2021-05-18,38250
JYP,2021-05-20,38200
JYP,2021-05-21,37050
JYP,2021-05-24,36950
JYP,2021-05-25,38650
JYP,2021-05-26,38600
JYP,2021-05-27,39000
JYP,2021-05-28,38250
JYP,2021-05-31,39600
JYP,2021-06-01,39650
JYP,2021-06-02,38800
JYP,2021-06-03,39400
JYP,2021-06-04,38650
JYP,2021-06-07,39450
JYP,2021-06-08,39500
JYP,2021-06-09,38950
JYP,2021-06-10,38900
JYP,2021-06-11,39950
JYP,2021-06-14,40850
JYP,2021-06-15,41300
JYP,2021-06-16,40300
JYP,2021-06-17,40800
JYP,2021-06-18,42950
JYP,2021-06-21,43050
JYP,2021-06-22,42150
JYP,2021-06-23,42900
JYP,2021-06-24,42150
JYP,2021-06-25,40200
JYP,2021-06-28,39950
JYP,2021-06-29,39750
JYP,2021-06-30,40500
JYP,2021-07-01,40750
JYP,2021-07-02,40100
JYP,2021-07-05,40750
JYP,2021-07-06,40100
JYP,2021-07-07,39100
JYP,2021-07-08,39000
JYP,2021-07-09,38650
JYP,2021-07-12,39150
JYP,2021-07-13,39950
JYP,2021-07-14,40700
JYP,2021-07-15,40300
JYP,2021-07-16,40250
JYP,2021-07-19,39850
JYP,2021-07-20,39600
JYP,2021-07-21,40150
JYP,2021-07-22,40550
JYP,2021-07-23,41850
JYP,2021-07-26,42350
JYP,2021-07-27,40600
JYP,2021-07-28,40250
JYP,2021-07-29,40500
JYP,2021-07-30,40000
JYP,2021-08-02,40000
JYP,2021-08-03,39450
JYP,2021-08-04,40750
JYP,2021-08-05,41300
JYP,2021-08-06,43800
JYP,2021-08-09,44600
JYP,2021-08-10,43900
JYP,2021-08-11,43600
JYP,2021-08-12,45450
JYP,2021-08-13,44600
JYP,2021-08-17,43400
JYP,2021-08-18,42250
JYP,2021-08-19,40300
JYP,2021-08-20,38800
JYP,2021-08-23,40800
JYP,2021-08-24,42950
JYP,2021-08-25,43900
JYP,2021-08-26,44850
JYP,2021-08-27,43800
JYP,2021-08-30,42300
JYP,2021-08-31,42650
JYP,2021-09-01,42350
JYP,2021-09-02,41300
JYP,2021-09-03,40650
JYP,2021-09-06,40700
JYP,2021-09-07,41400
JYP,2021-09-08,40100
JYP,2021-09-09,40100
JYP,2021-09-10,39800
JYP,2021-09-13,39500
JYP,2021-09-14,40250
JYP,2021-09-15,40050
JYP,2021-09-16,39700
JYP,2021-09-17,40150
JYP,2021-09-23,39750
JYP,2021-09-24,39350
JYP,2021-09-27,39700
JYP,2021-09-28,40100
JYP,2021-09-29,40200
JYP,2021-09-30,42650
JYP,2021-10-01,41400
JYP,2021-10-05,43400
JYP,2021-10-06,42800
JYP,2021-10-07,43100
JYP,2021-10-08,42200
JYP,2021-10-12,40750
JYP,2021-10-13,41050
JYP,2021-10-14,42100
JYP,2021-10-15,41950
JYP,2021-10-18,42800
JYP,2021-10-19,43900
JYP,2021-10-20,48950
JYP,2021-10-21,49500
JYP,2021-10-22,50000
JYP,2021-10-25,49000
JYP,2021-10-26,53400
JYP,2021-10-27,53600
JYP,2021-10-28,52300
JYP,2021-10-29,52400
JYP,2021-11-01,53300
JYP,2021-11-02,53700
JYP,2021-11-03,52900
JYP,2021-11-04,53000
JYP,2021-11-05,51100
JYP,2021-11-08,52600
JYP,2021-11-09,54200
JYP,2021-11-10,52100
JYP,2021-11-11,53000
JYP,2021-11-12,51800
JYP,2021-11-15,53300
JYP,2021-11-16,54000
JYP,2021-11-17,55400
JYP,2021-11-18,54700
JYP,2021-11-19,51500
JYP,2021-11-22,50400
JYP,2021-11-23,49800
JYP,2021-11-24,50600
JYP,2021-11-25,49900
JYP,2021-11-26,47400
JYP,2021-11-29,47050
JYP,2021-11-30,45400
JYP,2021-12-01,45650
JYP,2021-12-02,44350
JYP,2021-12-03,47200
JYP,2021-12-06,46500
JYP,2021-12-07,48000
JYP,2021-12-08,48250
JYP,2021-12-09,48650
JYP,2021-12-10,47650
JYP,2021-12-13,47200
JYP,2021-12-14,46850
JYP,2021-12-15,46700
JYP,2021-12-16,48450
JYP,2021-12-17,47650
JYP,2021-12-20,47000
JYP,2021-12-21,49150
JYP,2021-12-22,49650
JYP,2021-12-23,48700
JYP,2021-12-24,48850
JYP,2021-12-27,49200
JYP,2021-12-28,51400
JYP,2021-12-29,50300
JYP,2021-12-30,50700
JYP,2022-01-03,50700
JYP,2022-01-04,48050
JYP,2022-01-05,46950
JYP,2022-01-06,44850
JYP,2022-01-07,45750
JYP,2022-01-10,45250
JYP,2022-01-11,45700
JYP,2022-01-12,45900
JYP,2022-01-13,45500
JYP,2022-01-14,44400
JYP,2022-01-17,44700
JYP,2022-01-18,45050
JYP,2022-01-19,44000
JYP,2022-01-20,45400
JYP,2022-01-21,44500
JYP,2022-01-24,42050
JYP,2022-01-25,41850
JYP,2022-01-26,40200
JYP,2022-01-27,38350
JYP,2022-01-28,41000
JYP,2022-02-03,42150
JYP,2022-02-04,44250
JYP,2022-02-07,44000
JYP,2022-02-08,44200
JYP,2022-02-09,44500
JYP,2022-02-10,43700
JYP,2022-02-11,42800
JYP,2022-02-14,42650
JYP,2022-02-15,41800
JYP,2022-02-16,44450
JYP,2022-02-17,44350
JYP,2022-02-18,44650
JYP,2022-02-21,47900
JYP,2022-02-22,48500
JYP,2022-02-23,48550
JYP,2022-02-24,47500
JYP,2022-02-25,49250
JYP,2022-02-28,49850
JYP,2022-03-02,51200
JYP,2022-03-03,50600
JYP,2022-03-04,50600
JYP,2022-03-07,50200
JYP,2022-03-08,50000
JYP,2022-03-10,52000
JYP,2022-03-11,53300
JYP,2022-03-14,52800
JYP,2022-03-15,53000
JYP,2022-03-16,53300
JYP,2022-03-17,52400
JYP,2022-03-18,52800
JYP,2022-03-21,51900
JYP,2022-03-22,56300
JYP,2022-03-23,57000
JYP,2022-03-24,57500
JYP,2022-03-25,57200
JYP,2022-03-28,57100
JYP,2022-03-29,57500
JYP,2022-03-30,60800
JYP,2022-03-31,61400
JYP,2022-04-01,62900
JYP,2022-04-04,62400
JYP,2022-04-05,62000
JYP,2022-04-06,62600
JYP,2022-04-07,62600
JYP,2022-04-08,64700
JYP,2022-04-11,64500
JYP,2022-04-12,62500
JYP,2022-04-13,63500
JYP,2022-04-14,62100
JYP,2022-04-15,63400
JYP,2022-04-18,58800
JYP,2022-04-19,60600
JYP,2022-04-20,58900
JYP,2022-04-21,58900
JYP,2022-04-22,57600
JYP,2022-04-25,58600
JYP,2022-04-26,60000
JYP,2022-04-27,60300
JYP,2022-04-28,58900
JYP,2022-04-29,59400
JYP,2022-05-02,59500
JYP,2022-05-03,60100
JYP,2022-05-04,60000
JYP,2022-05-06,59800
JYP,2022-05-09,56200
JYP,2022-05-10,56700
JYP,2022-05-11,56500
JYP,2022-05-12,53900
JYP,2022-05-13,54700
JYP,2022-05-16,56600
JYP,2022-05-17,57000
JYP,2022-05-18,57000
JYP,2022-05-19,54600
JYP,2022-05-20,54400
JYP,2022-05-23,53500
JYP,2022-05-24,52900
JYP,2022-05-25,54100
JYP,2022-05-26,53300
JYP,2022-05-27,54400
JYP,2022-05-30,56600
JYP,2022-05-31,56900
JYP,2022-06-02,55400
JYP,2022-06-03,55300
JYP,2022-06-07,55300
JYP,2022-06-08,58700
JYP,2022-06-09,59400
JYP,2022-06-10,58400
JYP,2022-06-13,56300
JYP,2022-06-14,54700
JYP,2022-06-15,54300
JYP,2022-06-16,54800
JYP,2022-06-17,53800
JYP,2022-06-20,54000
JYP,2022-06-21,53700
JYP,2022-06-22,49000
JYP,2022-06-23,47450
JYP,2022-06-24,51800
JYP,2022-06-27,52100
JYP,2022-06-28,50600
JYP,2022-06-29,49200
JYP,2022-06-30,48250
JYP,2022-07-01,48000
JYP,2022-07-04,49550
JYP,2022-07-05,50200
JYP,2022-07-06,51900
JYP,2022-07-07,52600
JYP,2022-07-08,53400
JYP,2022-07-11,53500
JYP,2022-07-12,52400
JYP,2022-07-13,54800
JYP,2022-07-14,55300
JYP,2022-07-15,55100
JYP,2022-07-18,55100
JYP,2022-07-19,55800
JYP,2022-07-20,56500
JYP,2022-07-21,56500
JYP,2022-07-22,55700
JYP,2022-07-25,57100
JYP,2022-07-26,56000
JYP,2022-07-27,55200
JYP,2022-07-28,55400
JYP,2022-07-29,55500
JYP,2022-08-01,54900
JYP,2022-08-02,55400
JYP,2022-08-03,57900
JYP,2022-08-04,57300
JYP,2022-08-05,57000
JYP,2022-08-08,57400
JYP,2022-08-09,59200
JYP,2022-08-10,56800
JYP,2022-08-11,59100
JYP,2022-08-12,59000
JYP,2022-08-16,61200
JYP,2022-08-17,59300
JYP,2022-08-18,61000
JYP,2022-08-19,60000
JYP,2022-08-22,59200
JYP,2022-08-23,58400
JYP,2022-08-24,60400
JYP,2022-08-25,61700
JYP,2022-08-26,60700
JYP,2022-08-29,58900
JYP,2022-08-30,60300
JYP,2022-08-31,61100
JYP,2022-09-01,59600
JYP,2022-09-02,60900
JYP,2022-09-05,61400
JYP,2022-09-06,61500
JYP,2022-09-07,61600
JYP,2022-09-08,63000
JYP,2022-09-13,63000
JYP,2022-09-14,61100
JYP,2022-09-15,61600
JYP,2022-09-16,61700
JYP,2022-09-19,61300
JYP,2022-09-20,62300
JYP,2022-09-21,62400
JYP,2022-09-22,60400
JYP,2022-09-23,59800
JYP,2022-09-26,57100
JYP,2022-09-27,58400
JYP,2022-09-28,54700
JYP,2022-09-29,58100
JYP,2022-09-30,58800
JYP,2022-10-04,59600
JYP,2022-10-05,57100
JYP,2022-10-06,56700
JYP,2022-10-07,55700
JYP,2022-10-11,53300
JYP,2022-10-12,56500
JYP,2022-10-13,54600
JYP,2022-10-14,57000
JYP,2022-10-17,57400
JYP,2022-10-18,56800
JYP,2022-10-19,55100
JYP,2022-10-20,52900
JYP,2022-10-21,51800
JYP,2022-10-24,54300
JYP,2022-10-25,55300
JYP,2022-10-26,54100
JYP,2022-10-27,55400
JYP,2022-10-28,54800
JYP,2022-10-31,55500
JYP,2022-11-01,55500
JYP,2022-11-02,55500
JYP,2022-11-03,52900
JYP,2022-11-04,53000
JYP,2022-11-07,53200
JYP,2022-11-08,54800
JYP,2022-11-09,55300
JYP,2022-11-10,56000
JYP,2022-11-11,56800
JYP,2022-11-14,56800
JYP,2022-11-15,58200
JYP,2022-11-16,60300
JYP,2022-11-17,61500
JYP,2022-11-18,59500
JYP,2022-11-21,59400
JYP,2022-11-22,59100
JYP,2022-11-23,61200
JYP,2022-11-24,61700
JYP,2022-11-25,61600
JYP,2022-11-28,60300
JYP,2022-11-29,61200
JYP,2022-11-30,60600
JYP,2022-12-01,64600
JYP,2022-12-02,64500
JYP,2022-12-05,64200
JYP,2022-12-06,63800
JYP,2022-12-07,63300
JYP,2022-12-08,63400
JYP,2022-12-09,65000
JYP,2022-12-12,65100
JYP,2022-12-13,63800
JYP,2022-12-14,65300
JYP,2022-12-15,64200
JYP,2022-12-16,65200
JYP,2022-12-19,67500
JYP,2022-12-20,66300
JYP,2022-12-21,66200
JYP,2022-12-22,67900
JYP,2022-12-23,66900
JYP,2022-12-26,67300
JYP,2022-12-27,68200
JYP,2022-12-28,66900
JYP,2022-12-29,67800
SM,2018-01-02,34750
SM,2018-01-03,33500
SM,2018-01-04,33000
SM,2018-01-05,33700
SM,2018-01-08,33650
SM,2018-01-09,33700
SM,2018-01-10,35800
SM,2018-01-11,35650
SM,2018-01-12,35150
SM,2018-01-15,36650
SM,2018-01-16,36800
SM,2018-01-17,38500
SM,2018-01-18,38100
SM,2018-01-19,39150
SM,2018-01-22,39650
SM,2018-01-23,39300
SM,2018-01-24,39050
SM,2018-01-25,38200
SM,2018-01-26,39450
SM,2018-01-29,39600
SM,2018-01-30,38400
SM,2018-01-31,38600
SM,2018-02-01,39950
SM,2018-02-02,39100
SM,2018-02-05,38050
SM,2018-02-06,37650
SM,2018-02-07,36100
SM,2018-02-08,37200
SM,2018-02-09,36900
SM,2018-02-12,37150
SM,2018-02-13,36500
SM,2018-02-14,36900
SM,2018-02-19,37950
SM,2018-02-20,36950
SM,2018-02-21,37000
SM,2018-02-22,36400
SM,2018-02-23,36450
SM,2018-02-26,36550
SM,2018-02-27,36600
SM,2018-02-28,36750
SM,2018-03-02,38000
SM,2018-03-05,38000
SM,2018-03-06,38750
SM,2018-03-07,36700
SM,2018-03-08,36250
SM,2018-03-09,38250
SM,2018-03-12,41100
SM,2018-03-13,41700
SM,2018-03-14,41600
SM,2018-03-15,41800
SM,2018-03-16,42800
SM,2018-03-19,44400
SM,2018-03-20,45000
SM,2018-03-21,43900
SM,2018-03-22,44050
SM,2018-03-23,42700
SM,2018-03-26,46200
SM,2018-03-27,46500
SM,2018-03-28,46200
SM,2018-03-29,46550
SM,2018-03-30,45750
SM,2018-04-02,46500
SM,2018-04-03,47800
SM,2018-04-04,44800
SM,2018-04-05,42250
SM,2018-04-06,42300
SM,2018-04-09,41300
SM,2018-04-10,42500
SM,2018-04-11,41500
SM,2018-04-12,40100
SM,2018-04-13,40650
SM,2018-04-16,41400
SM,2018-04-17,41000
SM,2018-04-18,40600
SM,2018-04-19,38250
SM,2018-04-20,37800
SM,2018-04-23,36900
SM,2018-04-24,36550
SM,2018-04-25,37400
SM,2018-04-26,37450
SM,2018-04-27,36800
SM,2018-04-30,35750
SM,2018-05-02,34850
SM,2018-05-03,35200
SM,2018-05-04,35550
SM,2018-05-08,35200
SM,2018-05-09,35850
SM,2018-05-10,34300
SM,2018-05-11,34950
SM,2018-05-14,36400
SM,2018-05-15,39500
SM,2018-05-16,38600
SM,2018-05-17,38900
SM,2018-05-18,39000
SM,2018-05-21,39350
SM,2018-05-23,39300
SM,2018-05-24,40850
SM,2018-05-25,40850
SM,2018-05-28,40650
SM,2018-05-29,42000
SM,2018-05-30,41550
SM,2018-05-31,41550
SM,2018-06-01,42050
SM,2018-06-04,42100
SM,2018-06-05,40500
SM,2018-06-07,39150
SM,2018-06-08,39300
SM,2018-06-11,40400
SM,2018-06-12,40500
SM,2018-06-14,39850
SM,2018-06-15,40400
SM,2018-06-18,38550
SM,2018-06-19,38550
SM,2018-06-20,40350
SM,2018-06-21,41350
SM,2018-06-22,41800
SM,2018-06-25,42300
SM,2018-06-26,42450
SM,2018-06-27,41700
SM,2018-06-28,41000
SM,2018-06-29,41950
SM,2018-07-02,39650
SM,2018-07-03,41500
SM,2018-07-04,41800
SM,2018-07-05,41950
SM,2018-07-06,41550
SM,2018-07-09,42900
SM,2018-07-10,42500
SM,2018-07-11,41650
SM,2018-07-12,42600
SM,2018-07-13,43550
SM,2018-07-16,43900
SM,2018-07-17,42950
SM,2018-07-18,42850
SM,2018-07-19,40000
SM,2018-07-20,38800
SM,2018-07-23,37600
SM,2018-07-24,38250
SM,2018-07-25,38100
SM,2018-07-26,39750
SM,2018-07-27,40700
SM,2018-07-30,39300
SM,2018-07-31,38550
SM,2018-08-01,40500
SM,2018-08-02,39650
SM,2018-08-03,40450
SM,2018-08-06,40450
SM,2018-08-07,40250
SM,2018-08-08,40350
SM,2018-08-09,40900
SM,2018-08-10,41250
SM,2018-08-13,39850
SM,2018-08-14,41250
SM,2018-08-16,43850
SM,2018-08-17,43800
SM,2018-08-20,43800
SM,2018-08-21,45450
SM,2018-08-22,45950
SM,2018-08-23,46000
SM,2018-08-24,47350
SM,2018-08-27,49100
SM,2018-08-28,47300
SM,2018-08-29,47300
SM,2018-08-30,47700
SM,2018-08-31,48550
SM,2018-09-03,47950
SM,2018-09-04,48450
SM,2018-09-05,47800
SM,2018-09-06,48050
SM,2018-09-07,48900
SM,2018-09-10,46900
SM,2018-09-11,47850
SM,2018-09-12,48800
SM,2018-09-13,49600
SM,2018-09-14,49000
SM,2018-09-17,48500
SM,2018-09-18,47850
SM,2018-09-19,49200
SM,2018-09-20,48250
SM,2018-09-21,47850
SM,2018-09-27,50200
SM,2018-09-28,50500
SM,2018-10-01,52200
SM,2018-10-02,50100
SM,2018-10-04,50700
SM,2018-10-05,49600
SM,2018-10-08,47150
SM,2018-10-10,47050
SM,2018-10-11,45700
SM,2018-10-12,47250
SM,2018-10-15,47950
SM,2018-10-16,50500
SM,2018-10-17,51000
SM,2018-10-18,49850
SM,2018-10-19,51700
SM,2018-10-22,52600
SM,2018-10-23,51700
SM,2018-10-24,43900
SM,2018-10-25,44400
SM,2018-10-26,42950
SM,2018-10-29,42300
SM,2018-10-30,43600
SM,2018-10-31,43900
SM,2018-11-01,45050
SM,2018-11-02,47500
SM,2018-11-05,48300
SM,2018-11-06,47350
SM,2018-11-07,46500
SM,2018-11-08,45650
SM,2018-11-09,46650
SM,2018-11-12,46700
SM,2018-11-13,46500
SM,2018-11-14,49900
SM,2018-11-15,53800
SM,2018-11-16,54000
SM,2018-11-19,54000
SM,2018-11-20,55200
SM,2018-11-21,54500
SM,2018-11-22,53700
SM,2018-11-23,52800
SM,2018-11-26,55300
SM,2018-11-27,56100
SM,2018-11-28,55900
SM,2018-11-29,54000
SM,2018-11-30,53500
SM,2018-12-03,53600
SM,2018-12-04,53600
SM,2018-12-05,51300
SM,2018-12-06,50200
SM,2018-12-07,51300
SM,2018-12-10,51000
SM,2018-12-11,52500
SM,2018-12-12,52700
SM,2018-12-13,52800
SM,2018-12-14,50700
SM,2018-12-17,50500
SM,2018-12-18,49200
SM,2018-12-19,51500
SM,2018-12-20,50600
SM,2018-12-21,52300
SM,2018-12-24,52800
SM,2018-12-26,53900
SM,2018-12-27,52000
SM,2018-12-28,52300
SM,2019-01-02,51100
SM,2019-01-03,50400
SM,2019-01-04,52200
SM,2019-01-07,53600
SM,2019-01-08,52200
SM,2019-01-09,51200
SM,2019-01-10,51100
SM,2019-01-11,49950
SM,2019-01-14,50100
SM,2019-01-15,50800
SM,2019-01-16,49500
SM,2019-01-17,47200
SM,2019-01-18,47550
SM,2019-01-21,46300
SM,2019-01-22,47100
SM,2019-01-23,44400
SM,2019-01-24,44350
SM,2019-01-25,45500
SM,2019-01-28,45450
SM,2019-01-29,45000
SM,2019-01-30,46500
SM,2019-01-31,48050
SM,2019-02-01,47050
SM,2019-02-07,47000
SM,2019-02-08,46450
SM,2019-02-11,47750
SM,2019-02-12,46450
SM,2019-02-13,46750
SM,2019-02-14,46400
SM,2019-02-15,47350
SM,2019-02-18,46800
SM,2019-02-19,46550
SM,2019-02-20,48100
SM,2019-02-21,49900
SM,2019-02-22,48150
SM,2019-02-25,48150
SM,2019-02-26,47250
SM,2019-02-27,47100
SM,2019-02-28,46500
SM,2019-03-04,48000
SM,2019-03-05,46850
SM,2019-03-06,46950
SM,2019-03-07,44900
SM,2019-03-08,45300
SM,2019-03-11,40550
SM,2019-03-12,39050
SM,2019-03-13,39900
SM,2019-03-14,39200
SM,2019-03-15,37900
SM,2019-03-18,39500
SM,2019-03-19,39200
SM,2019-03-20,38950
SM,2019-03-21,38200
SM,2019-03-22,38750
SM,2019-03-25,38050
SM,2019-03-26,39150
SM,2019-03-27,38400
SM,2019-03-28,38650
SM,2019-03-29,39400
SM,2019-04-01,39350
SM,2019-04-02,40100
SM,2019-04-03,40850
SM,2019-04-04,40600
SM,2019-04-05,40500
SM,2019-04-08,40850
SM,2019-04-09,40100
SM,2019-04-10,40300
SM,2019-04-11,41000
SM,2019-04-12,41150
SM,2019-04-15,41400
SM,2019-04-16,41850
SM,2019-04-17,41900
SM,2019-04-18,41200
SM,2019-04-19,41000
SM,2019-04-22,41450
SM,2019-04-23,41300
SM,2019-04-24,41000
SM,2019-04-25,40400
SM,2019-04-26,40100
SM,2019-04-29,40350
SM,2019-04-30,41350
SM,2019-05-02,41500
SM,2019-05-03,42400
SM,2019-05-07,41550
SM,2019-05-08,40600
SM,2019-05-09,38200
SM,2019-05-10,38950
SM,2019-05-13,39050
SM,2019-05-14,40900
SM,2019-05-15,41400
SM,2019-05-16,41500
SM,2019-05-17,40850
SM,2019-05-20,41000
SM,2019-05-21,40050
SM,2019-05-22,39350
SM,2019-05-23,38800
SM,2019-05-24,38200
SM,2019-05-27,37600
SM,2019-05-28,37650
SM,2019-05-29,37650
SM,2019-05-30,42250
SM,2019-05-31,42800
SM,2019-06-03,43250
SM,2019-06-04,43600
SM,2019-06-05,45350
SM,2019-06-07,47800
SM,2019-06-10,47950
SM,2019-06-11,46800
SM,2019-06-12,45750
SM,2019-06-13,46750
SM,2019-06-14,45800
SM,2019-06-17,45500
SM,2019-06-18,44900
SM,2019-06-19,44200
SM,2019-06-20,44950
SM,2019-06-21,44600
SM,2019-06-24,43100
SM,2019-06-25,41850
SM,2019-06-26,41250
SM,2019-06-27,41300
SM,2019-06-28,41600
SM,2019-07-01,40250
SM,2019-07-02,40500
SM,2019-07-03,40000
SM,2019-07-04,39650
SM,2019-07-05,39800
SM,2019-07-08,38500
SM,2019-07-09,37800
SM,2019-07-10,38450
SM,2019-07-11,38350
SM,2019-07-12,38200
SM,2019-07-15,38250
SM,2019-07-16,37550
SM,2019-07-17,36400
SM,2019-07-18,35900
SM,2019-07-19,36750
SM,2019-07-22,35400
SM,2019-07-23,35500
SM,2019-07-24,35950
SM,2019-07-25,35150
SM,2019-07-26,35650
SM,2019-07-29,33800
SM,2019-07-30,34750
SM,2019-07-31,35400
SM,2019-08-01,32550
SM,2019-08-02,32400
SM,2019-08-05,29650
SM,2019-08-06,29500
SM,2019-08-07,29800
SM,2019-08-08,30850
SM,2019-08-09,30650
SM,2019-08-12,30050
SM,2019-08-13,29950
SM,2019-08-14,29800
SM,2019-08-16,28250
SM,2019-08-19,28750
SM,2019-08-20,29000
SM,2019-08-21,30350
SM,2019-08-22,29800
SM,2019-08-23,29000
SM,2019-08-26,27050
SM,2019-08-27,27950
SM,2019-08-28,29100
SM,2019-08-29,29100
SM,2019-08-30,29800
SM,2019-09-02,29900
SM,2019-09-03,30300
SM,2019-09-04,30500
SM,2019-09-05,30750
SM,2019-09-06,30400
SM,2019-09-09,31050
SM,2019-09-10,31750
SM,2019-09-11,31650
SM,2019-09-16,31950
SM,2019-09-17,31700
SM,2019-09-18,32200
SM,2019-09-19,31900
SM,2019-09-20,32450
SM,2019-09-23,32800
SM,2019-09-24,32300
SM,2019-09-25,31150
SM,2019-09-26,32850
SM,2019-09-27,33450
SM,2019-09-30,33300
SM,2019-10-01,35250
SM,2019-10-02,34600
SM,2019-10-04,34150
SM,2019-10-07,35500
SM,2019-10-08,35050
SM,2019-10-10,34300
SM,2019-10-11,34450
SM,2019-10-14,37250
SM,2019-10-15,37150
SM,2019-10-16,35650
SM,2019-10-17,36000
SM,2019-10-18,35300
SM,2019-10-21,34750
SM,2019-10-22,35650
SM,2019-10-23,35700
SM,2019-10-24,36000
SM,2019-10-25,35300
SM,2019-10-28,35400
SM,2019-10-29,35700
SM,2019-10-30,37050
SM,2019-10-31,37100
SM,2019-11-01,37400
SM,2019-11-04,37800
SM,2019-11-05,38450
SM,2019-11-06,38300
SM,2019-11-07,38350
SM,2019-11-08,38150
SM,2019-11-11,39400
SM,2019-11-12,38500
SM,2019-11-13,36950
SM,2019-11-14,39400
SM,2019-11-15,39100
SM,2019-11-18,39650
SM,2019-11-19,39300
SM,2019-11-20,39000
SM,2019-11-21,38000
SM,2019-11-22,38050
SM,2019-11-25,38550
SM,2019-11-26,38000
SM,2019-11-27,37950
SM,2019-11-28,36900
SM,2019-11-29,38400
SM,2019-12-02,38300
SM,2019-12-03,36700
SM,2019-12-04,36750
SM,2019-12-05,36950
SM,2019-12-06,37100
SM,2019-12-09,37050
SM,2019-12-10,36200
SM,2019-12-11,36200
SM,2019-12-12,36600
SM,2019-12-13,37000
SM,2019-12-16,36600
SM,2019-12-17,37050
SM,2019-12-18,36950
SM,2019-12-19,37050
SM,2019-12-20,37100
SM,2019-12-23,36700
SM,2019-12-24,36200
SM,2019-12-26,37200
SM,2019-12-27,37750
SM,2019-12-30,38450
SM,2020-01-02,37950
SM,2020-01-03,37200
SM,2020-01-06,35300
SM,2020-01-07,36200
SM,2020-01-08,35100
SM,2020-01-09,36400
SM,2020-01-10,35650
SM,2020-01-13,38850
SM,2020-01-14,38050
SM,2020-01-15,37700
SM,2020-01-16,37800
SM,2020-01-17,37700
SM,2020-01-20,37900
SM,2020-01-21,36000
SM,2020-01-22,36500
SM,2020-01-23,36000
SM,2020-01-28,32900
SM,2020-01-29,33600
SM,2020-01-30,33650
SM,2020-01-31,32850
SM,2020-02-03,33250
SM,2020-02-04,33950
SM,2020-02-05,33850
SM,2020-02-06,34350
SM,2020-02-07,33950
SM,2020-02-10,33500
SM,2020-02-11,34100
SM,2020-02-12,34250
SM,2020-02-13,34000
SM,2020-02-14,33950
SM,2020-02-17,34050
SM,2020-02-18,33400
SM,2020-02-19,33100
SM,2020-02-20,32550
SM,2020-02-21,31500
SM,2020-02-24,30000
SM,2020-02-25,31550
SM,2020-02-26,31050
SM,2020-02-27,30100
SM,2020-02-28,28450
SM,2020-03-02,29700
SM,2020-03-03,29600
SM,2020-03-04,29750
SM,2020-03-05,29700
SM,2020-03-06,28300
SM,2020-03-09,26400
SM,2020-03-10,26550
SM,2020-03-11,26100
SM,2020-03-12,23400
SM,2020-03-13,22550
SM,2020-03-16,21700
SM,2020-03-17,21400
SM,2020-03-18,20500
SM,2020-03-19,19000
SM,2020-03-20,19450
SM,2020-03-23,16700
SM,2020-03-24,18500
SM,2020-03-25,20450
SM,2020-03-26,20200
SM,2020-03-27,20500
SM,2020-03-30,20800
SM,2020-03-31,21050
SM,2020-04-01,20350
SM,2020-04-02,21300
SM,2020-04-03,21150
SM,2020-04-06,22450
SM,2020-04-07,22550
SM,2020-04-08,22700
SM,2020-04-09,23200
SM,2020-04-10,24600
SM,2020-04-13,24800
SM,2020-04-14,25500
SM,2020-04-16,26700
SM,2020-04-17,26700
SM,2020-04-20,26150
SM,2020-04-21,25500
SM,2020-04-22,25700
SM,2020-04-23,26000
SM,2020-04-24,25150
SM,2020-04-27,25600
SM,2020-04-28,27950
SM,2020-04-29,27700
SM,2020-05-04,27200
SM,2020-05-06,28350
SM,2020-05-07,28350
SM,2020-05-08,28350
SM,2020-05-11,27600
SM,2020-05-12,26700
SM,2020-05-13,26900
SM,2020-05-14,26900
SM,2020-05-15,26050
SM,2020-05-18,26050
SM,2020-05-19,28100
SM,2020-05-20,27700
SM,2020-05-21,27650
SM,2020-05-22,27000
SM,2020-05-25,27000
SM,2020-05-26,27400
SM,2020-05-27,27450
SM,2020-05-28,26400
SM,2020-05-29,26000
SM,2020-06-01,26900
SM,2020-06-02,27200
SM,2020-06-03,27250
SM,2020-06-04,26850
SM,2020-06-05,27150
SM,2020-06-08,27900
SM,2020-06-09,27950
SM,2020-06-10,27500
SM,2020-06-11,26650
SM,2020-06-12,25500
SM,2020-06-15,23400
SM,2020-06-16,24200
SM,2020-06-17,24150
SM,2020-06-18,23500
SM,2020-06-19,23650
SM,2020-06-22,23150
SM,2020-06-23,23150
SM,2020-06-24,23500
SM,2020-06-25,22600
SM,2020-06-26,22800
SM,2020-06-29,21950
SM,2020-06-30,24250
SM,2020-07-01,24000
SM,2020-07-02,26650
SM,2020-07-03,28550
SM,2020-07-06,28600
SM,2020-07-07,29400
SM,2020-07-08,31500
SM,2020-07-09,31500
SM,2020-07-10,32500
SM,2020-07-13,32950
SM,2020-07-14,33650
SM,2020-07-15,32700
SM,2020-07-16,32000
SM,2020-07-17,33350
SM,2020-07-20,33750
SM,2020-07-21,32750
SM,2020-07-22,31000
SM,2020-07-23,31100
SM,2020-07-24,30200
SM,2020-07-27,31100
SM,2020-07-28,30200
SM,2020-07-29,30400
SM,2020-07-30,30250
SM,2020-07-31,31250
SM,2020-08-03,32500
SM,2020-08-04,33150
SM,2020-08-05,33100
SM,2020-08-06,33800
SM,2020-08-07,34400
SM,2020-08-10,34950
SM,2020-08-11,34850
SM,2020-08-12,34150
SM,2020-08-13,35750
SM,2020-08-14,35900
SM,2020-08-18,35500
SM,2020-08-19,39100
SM,2020-08-20,37600
SM,2020-08-21,35900
SM,2020-08-24,35950
SM,2020-08-25,36400
SM,2020-08-26,36050
SM,2020-08-27,34350
SM,2020-08-28,35050
SM,2020-08-31,34400
SM,2020-09-01,35750
SM,2020-09-02,37300
SM,2020-09-03,38850
SM,2020-09-04,38700
SM,2020-09-07,38600
SM,2020-09-08,39300
SM,2020-09-09,38500
SM,2020-09-10,37950
SM,2020-09-11,37800
SM,2020-09-14,37400
SM,2020-09-15,37650
SM,2020-09-16,37500
SM,2020-09-17,36100
SM,2020-09-18,35950
SM,2020-09-21,35000
SM,2020-09-22,34600
SM,2020-09-23,35350
SM,2020-09-24,33750
SM,2020-09-25,33650
SM,2020-09-28,35900
SM,2020-09-29,35800
SM,2020-10-05,33900
SM,2020-10-06,33850
SM,2020-10-07,33950
SM,2020-10-08,33350
SM,2020-10-12,33400
SM,2020-10-13,34300
SM,2020-10-14,34150
SM,2020-10-15,31850
SM,2020-10-16,30850
SM,2020-10-19,30400
SM,2020-10-20,30400
SM,2020-10-21,31200
SM,2020-10-22,29850
SM,2020-10-23,29600
SM,2020-10-26,28750
SM,2020-10-27,29000
SM,2020-10-28,30100
SM,2020-10-29,29800
SM,2020-10-30,28800
SM,2020-11-02,29250
SM,2020-11-03,29650
SM,2020-11-04,30000
SM,2020-11-05,31050
SM,2020-11-06,30350
SM,2020-11-09,30650
SM,2020-11-10,31600
SM,2020-11-11,31650
SM,2020-11-12,32200
SM,2020-11-13,32000
SM,2020-11-16,32400
SM,2020-11-17,30500
SM,2020-11-18,30600
SM,2020-11-19,29900
SM,2020-11-20,30450
SM,2020-11-23,30300
SM,2020-11-24,30200
SM,2020-11-25,29900
SM,2020-11-26,30100
SM,2020-11-27,30000
SM,2020-11-30,29700
SM,2020-12-01,29950
SM,2020-12-02,29900
SM,2020-12-03,31250
SM,2020-12-04,30250
SM,2020-12-07,29700
SM,2020-12-08,30000
SM,2020-12-09,30350
SM,2020-12-10,30050
SM,2020-12-11,30100
SM,2020-12-14,29750
SM,2020-12-15,29600
SM,2020-12-16,29550
SM,2020-12-17,29200
SM,2020-12-18,29150
SM,2020-12-21,28800
SM,2020-12-22,28100
SM,2020-12-23,28400
SM,2020-12-24,28950
SM,2020-12-28,29400
SM,2020-12-29,29450
SM,2020-12-30,29750
SM,2021-01-04,29550
SM,2021-01-05,29250
SM,2021-01-06,29000
SM,2021-01-07,29200
SM,2021-01-08,29900
SM,2021-01-11,29000
SM,2021-01-12,28950
SM,2021-01-13,30650
SM,2021-01-14,30900
SM,2021-01-15,29900
SM,2021-01-18,29550
SM,2021-01-19,30300
SM,2021-01-20,31300
SM,2021-01-21,31250
SM,2021-01-22,32400
SM,2021-01-25,33750
SM,2021-01-26,32900
SM,2021-01-27,32600
SM,2021-01-28,31800
SM,2021-01-29,30600
SM,2021-02-01,30900
SM,2021-02-02,31400
SM,2021-02-03,31300
SM,2021-02-04,30700
SM,2021-02-05,30250
SM,2021-02-08,30450
SM,2021-02-09,30050
SM,2021-02-10,30800
SM,2021-02-15,30750
SM,2021-02-16,31300
SM,2021-02-17,30900
SM,2021-02-18,30600
SM,2021-02-19,30450
SM,2021-02-22,29950
SM,2021-02-23,30300
SM,2021-02-24,30000
SM,2021-02-25,30600
SM,2021-02-26,30050
SM,2021-03-02,30200
SM,2021-03-03,32200
SM,2021-03-04,32200
SM,2021-03-05,32800
SM,2021-03-08,31700
SM,2021-03-09,30900
SM,2021-03-10,30200
SM,2021-03-11,31800
SM,2021-03-12,30600
SM,2021-03-15,30250
SM,2021-03-16,30350
SM,2021-03-17,30100
SM,2021-03-18,30150
SM,2021-03-19,30200
SM,2021-03-22,30050
SM,2021-03-23,29650
SM,2021-03-24,29750
SM,2021-03-25,29850
SM,2021-03-26,29800
SM,2021-03-29,29450
SM,2021-03-30,29550
SM,2021-03-31,29600
SM,2021-04-01,29950
SM,2021-04-02,29700
SM,2021-04-05,29650
SM,2021-04-06,29850
SM,2021-04-07,30700
SM,2021-04-08,30350
SM,2021-04-09,30200
SM,2021-04-12,30400
SM,2021-04-13,30400
SM,2021-04-14,30450
SM,2021-04-15,30750
SM,2021-04-16,30800
SM,2021-04-19,30400
SM,2021-04-20,30400
SM,2021-04-21,29950
SM,2021-04-22,29950
SM,2021-04-23,29700
SM,2021-04-26,30000
SM,2021-04-27,30650
SM,2021-04-28,30350
SM,2021-04-29,30150
SM,2021-04-30,30200
SM,2021-05-03,29800
SM,2021-05-04,29550
SM,2021-05-06,30000
SM,2021-05-07,32000
SM,2021-05-10,32600
SM,2021-05-11,31650
SM,2021-05-12,31300
SM,2021-05-13,31000
SM,2021-05-14,33450
SM,2021-05-17,35950
SM,2021-05-18,38400
SM,2021-05-20,39000
SM,2021-05-21,40000
SM,2021-05-24,40100
SM,2021-05-25,42700
SM,2021-05-26,42250
SM,2021-05-27,42450
SM,2021-05-28,42700
SM,2021-05-31,43700
SM,2021-06-01,44300
SM,2021-06-02,44400
SM,2021-06-03,47000
SM,2021-06-04,43750
SM,2021-06-07,45950
SM,2021-06-08,43350
SM,2021-06-09,44350
SM,2021-06-10,44800
SM,2021-06-11,47950
SM,2021-06-14,47100
SM,2021-06-15,51000
SM,2021-06-16,51400
SM,2021-06-17,55000
SM,2021-06-18,54800
SM,2021-06-21,53300
SM,2021-06-22,54000
SM,2021-06-23,55700
SM,2021-06-24,56500
SM,2021-06-25,54000
SM,2021-06-28,55100
SM,2021-06-29,59200
SM,2021-06-30,58800
SM,2021-07-01,58700
SM,2021-07-02,60800
SM,2021-07-05,61300
SM,2021-07-06,60300
SM,2021-07-07,59800
SM,2021-07-08,58500
SM,2021-07-09,59800
SM,2021-07-12,62300
SM,2021-07-13,65400
SM,2021-07-14,65400
SM,2021-07-15,64400
SM,2021-07-16,64000
SM,2021-07-19,62300
SM,2021-07-20,60800
SM,2021-07-21,60800
SM,2021-07-22,62600
SM,2021-07-23,63500
SM,2021-07-26,63800
SM,2021-07-27,62400
SM,2021-07-28,61400
SM,2021-07-29,61800
SM,2021-07-30,58800
SM,2021-08-02,60200
SM,2021-08-03,62700
SM,2021-08-04,71900
SM,2021-08-05,69300
SM,2021-08-06,69100
SM,2021-08-09,69700
SM,2021-08-10,68400
SM,2021-08-11,68500
SM,2021-08-12,66900
SM,2021-08-13,65300
SM,2021-08-17,63800
SM,2021-08-18,68000
SM,2021-08-19,65600
SM,2021-08-20,63000
SM,2021-08-23,67300
SM,2021-08-24,72100
SM,2021-08-25,72400
SM,2021-08-26,72800
SM,2021-08-27,72100
SM,2021-08-30,69500
SM,2021-08-31,69100
SM,2021-09-01,68600
SM,2021-09-02,66900
SM,2021-09-03,65600
SM,2021-09-06,65000
SM,2021-09-07,68400
SM,2021-09-08,63900
SM,2021-09-09,62900
SM,2021-09-10,63100
SM,2021-09-13,63300
SM,2021-09-14,64300
SM,2021-09-15,66200
SM,2021-09-16,64900
SM,2021-09-17,65000
SM,2021-09-23,64900
SM,2021-09-24,63400
SM,2021-09-27,63600
SM,2021-09-28,63600
SM,2021-09-29,63000
SM,2021-09-30,69200
SM,2021-10-01,71000
SM,2021-10-05,79000
SM,2021-10-06,78200
SM,2021-10-07,76300
SM,2021-10-08,76900
SM,2021-10-12,74800
SM,2021-10-13,74800
SM,2021-10-14,77600
SM,2021-10-15,76800
SM,2021-10-18,72800
SM,2021-10-19,75500
SM,2021-10-20,79400
SM,2021-10-21,76600
SM,2021-10-22,75100
SM,2021-10-25,74900
SM,2021-10-26,81700
SM,2021-10-27,83100
SM,2021-10-28,78000
SM,2021-10-29,78200
SM,2021-11-01,80300
SM,2021-11-02,79400
SM,2021-11-03,77300
SM,2021-11-04,75600
SM,2021-11-05,76100
SM,2021-11-08,79400
SM,2021-11-09,80500
SM,2021-11-10,76100
SM,2021-11-11,78000
SM,2021-11-12,77000
SM,2021-11-15,80400
SM,2021-11-16,79900
SM,2021-11-17,84000
SM,2021-11-18,79300
SM,2021-11-19,77200
SM,2021-11-22,73600
SM,2021-11-23,71400
SM,2021-11-24,74300
SM,2021-11-25,74200
SM,2021-11-26,70000
SM,2021-11-29,69800
SM,2021-11-30,67300
SM,2021-12-01,67300
SM,2021-12-02,64500
SM,2021-12-03,71800
SM,2021-12-06,70700
SM,2021-12-07,72500
SM,2021-12-08,73300
SM,2021-12-09,74700
SM,2021-12-10,76100
SM,2021-12-13,75500
SM,2021-12-14,73500
SM,2021-12-15,71900
SM,2021-12-16,71500
SM,2021-12-17,71400
SM,2021-12-20,70100
SM,2021-12-21,72100
SM,2021-12-22,73200
SM,2021-12-23,70900
SM,2021-12-24,72000
SM,2021-12-27,74100
SM,2021-12-28,78100
SM,2021-12-29,74900
SM,2021-12-30,74200
SM,2022-01-03,73600
SM,2022-01-04,70700
SM,2022-01-05,66600
SM,2022-01-06,61900
SM,2022-01-07,63700
SM,2022-01-10,63400
SM,2022-01-11,66000
SM,2022-01-12,67500
SM,2022-01-13,69000
SM,2022-01-14,68200
SM,2022-01-17,68400
SM,2022-01-18,67900
SM,2022-01-19,66300
SM,2022-01-20,69500
SM,2022-01-21,69200
SM,2022-01-24,63900
SM,2022-01-25,63500
SM,2022-01-26,60500
SM,2022-01-27,56000
SM,2022-01-28,58900
SM,2022-02-03,62200
SM,2022-02-04,67300
SM,2022-02-07,67200
SM,2022-02-08,66200
SM,2022-02-09,68800
SM,2022-02-10,66800
SM,2022-02-11,65500
SM,2022-02-14,65300
SM,2022-02-15,65300
SM,2022-02-16,68100
SM,2022-02-17,66600
SM,2022-02-18,67300
SM,2022-02-21,70800
SM,2022-02-22,71800
SM,2022-02-23,71600
SM,2022-02-24,70500
SM,2022-02-25,71400
SM,2022-02-28,74200
SM,2022-03-02,75200
SM,2022-03-03,75000
SM,2022-03-04,75500
SM,2022-03-07,74700
SM,2022-03-08,73500
SM,2022-03-10,77300
SM,2022-03-11,79900
SM,2022-03-14,80000
SM,2022-03-15,79800
SM,2022-03-16,79200
SM,2022-03-17,75000
SM,2022-03-18,76500
SM,2022-03-21,73900
SM,2022-03-22,76600
SM,2022-03-23,75200
SM,2022-03-24,77200
SM,2022-03-25,77800
SM,2022-03-28,75200
SM,2022-03-29,76000
SM,2022-03-30,79600
SM,2022-03-31,81600
SM,2022-04-01,85900
SM,2022-04-04,82200
SM,2022-04-05,80500
SM,2022-04-06,80400
SM,2022-04-07,77900
SM,2022-04-08,77000
SM,2022-04-11,74900
SM,2022-04-12,74700
SM,2022-04-13,76400
SM,2022-04-14,76900
SM,2022-04-15,77200
SM,2022-04-18,72400
SM,2022-04-19,73800
SM,2022-04-20,71400
SM,2022-04-21,70500
SM,2022-04-22,68900
SM,2022-04-25,67500
SM,2022-04-26,68600
SM,2022-04-27,68800
SM,2022-04-28,68400
SM,2022-04-29,68200
SM,2022-05-02,67000
SM,2022-05-03,68300
SM,2022-05-04,67900
SM,2022-05-06,66500
SM,2022-05-09,61200
SM,2022-05-10,61700
SM,2022-05-11,61500
SM,2022-05-12,58000
SM,2022-05-13,60400
SM,2022-05-16,61300
SM,2022-05-17,68700
SM,2022-05-18,71400
SM,2022-05-19,70200
SM,2022-05-20,71800
SM,2022-05-23,68700
SM,2022-05-24,68000
SM,2022-05-25,68000
SM,2022-05-26,67600
SM,2022-05-27,68800
SM,2022-05-30,70300
SM,2022-05-31,69500
SM,2022-06-02,67000
SM,2022-06-03,66900
SM,2022-06-07,65500
SM,2022-06-08,67900
SM,2022-06-09,70300
SM,2022-06-10,70900
SM,2022-06-13,68500
SM,2022-06-14,67400
SM,2022-06-15,67100
SM,2022-06-16,69800
SM,2022-06-17,69200
SM,2022-06-20,69200
SM,2022-06-21,69400
SM,2022-06-22,64500
SM,2022-06-23,60700
SM,2022-06-24,66100
SM,2022-06-27,68000
SM,2022-06-28,66600
SM,2022-06-29,64500
SM,2022-06-30,63100
SM,2022-07-01,61900
SM,2022-07-04,64600
SM,2022-07-05,64800
SM,2022-07-06,64800
SM,2022-07-07,65300
SM,2022-07-08,68500
SM,2022-07-11,68300
SM,2022-07-12,67000
SM,2022-07-13,68500
SM,2022-07-14,70500
SM,2022-07-15,69800
SM,2022-07-18,69300
SM,2022-07-19,69600
SM,2022-07-20,70900
SM,2022-07-21,71400
SM,2022-07-22,70800
SM,2022-07-25,72500
SM,2022-07-26,71200
SM,2022-07-27,68200
SM,2022-07-28,67900
SM,2022-07-29,69100
SM,2022-08-01,68000
SM,2022-08-02,68800
SM,2022-08-03,72400
SM,2022-08-04,72700
SM,2022-08-05,73000
SM,2022-08-08,74500
SM,2022-08-09,75900
SM,2022-08-10,72900
SM,2022-08-11,75000
SM,2022-08-12,75000
SM,2022-08-16,76200
SM,2022-08-17,70300
SM,2022-08-18,70300
SM,2022-08-19,68600
SM,2022-08-22,67800
SM,2022-08-23,66100
SM,2022-08-24,66800
SM,2022-08-25,67400
SM,2022-08-26,68200
SM,2022-08-29,66100
SM,2022-08-30,67400
SM,2022-08-31,69200
SM,2022-09-01,68000
SM,2022-09-02,67600
SM,2022-09-05,66600
SM,2022-09-06,67000
SM,2022-09-07,67200
SM,2022-09-08,67600
SM,2022-09-13,68300
SM,2022-09-14,65600
SM,2022-09-15,64500
SM,2022-09-16,76500
SM,2022-09-19,73300
SM,2022-09-20,77000
SM,2022-09-21,77400
SM,2022-09-22,77100
SM,2022-09-23,74000
SM,2022-09-26,70600
SM,2022-09-27,73100
SM,2022-09-28,67800
SM,2022-09-29,70200
SM,2022-09-30,70800
SM,2022-10-04,70000
SM,2022-10-05,66900
SM,2022-10-06,66600
SM,2022-10-07,66600
SM,2022-10-11,61600
SM,2022-10-12,63400
SM,2022-10-13,63200
SM,2022-10-14,69200
SM,2022-10-17,68700
SM,2022-10-18,69200
SM,2022-10-19,67400
SM,2022-10-20,65300
SM,2022-10-21,65000
SM,2022-10-24,67000
SM,2022-10-25,70200
SM,2022-10-26,69800
SM,2022-10-27,72800
SM,2022-10-28,71500
SM,2022-10-31,71100
SM,2022-11-01,66900
SM,2022-11-02,65100
SM,2022-11-03,63900
SM,2022-11-04,63000
SM,2022-11-07,64000
SM,2022-11-08,64800
SM,2022-11-09,63400
SM,2022-11-10,62900
SM,2022-11-11,65500
SM,2022-11-14,65800
SM,2022-11-15,68100
SM,2022-11-16,71700
SM,2022-11-17,73900
SM,2022-11-18,73900
SM,2022-11-21,75200
SM,2022-11-22,73400
SM,2022-11-23,76700
SM,2022-11-24,77200
SM,2022-11-25,77200
SM,2022-11-28,77500
SM,2022-11-29,80300
SM,2022-11-30,79300
SM,2022-12-01,81700
SM,2022-12-02,82100
SM,2022-12-05,81400
SM,2022-12-06,79200
SM,2022-12-07,79200
SM,2022-12-08,78000
SM,2022-12-09,79000
SM,2022-12-12,79400
SM,2022-12-13,78800
SM,2022-12-14,79100
SM,2022-12-15,77800
SM,2022-12-16,78000
SM,2022-12-19,81200
SM,2022-12-20,78500
SM,2022-12-21,78000
SM,2022-12-22,79800
SM,2022-12-23,77100
SM,2022-12-26,79100
SM,2022-12-27,79300
SM,2022-12-28,76000
SM,2022-12-29,76700
YG,2018-01-02,28600
YG,2018-01-03,28200
YG,2018-01-04,27300
YG,2018-01-05,27600
YG,2018-01-08,27000
YG,2018-01-09,27350
YG,2018-01-10,28250
YG,2018-01-11,27800
YG,2018-01-12,27550
YG,2018-01-15,28150
YG,2018-01-16,28350
YG,2018-01-17,29350
YG,2018-01-18,29350
YG,2018-01-19,29600
YG,2018-01-22,29800
YG,2018-01-23,30000
YG,2018-01-24,29950
YG,2018-01-25,29500
YG,2018-01-26,29750
YG,2018-01-29,30850
YG,2018-01-30,30000
YG,2018-01-31,29600
YG,2018-02-01,30050
YG,2018-02-02,29750
YG,2018-02-05,28950
YG,2018-02-06,29000
YG,2018-02-07,28950
YG,2018-02-08,29300
YG,2018-02-09,28500
YG,2018-02-12,28100
YG,2018-02-13,27650
YG,2018-02-14,27800
YG,2018-02-19,28550
YG,2018-02-20,28300
YG,2018-02-21,28700
YG,2018-02-22,28700
YG,2018-02-23,27950
YG,2018-02-26,27800
YG,2018-02-27,27650
YG,2018-02-28,27150
YG,2018-03-02,27250
YG,2018-03-05,27550
YG,2018-03-06,27700
YG,2018-03-07,27300
YG,2018-03-08,27050
YG,2018-03-09,28050
YG,2018-03-12,29450
YG,2018-03-13,30000
YG,2018-03-14,29450
YG,2018-03-15,30150
YG,2018-03-16,30150
YG,2018-03-19,29850
YG,2018-03-20,30000
YG,2018-03-21,29650
YG,2018-03-22,29650
YG,2018-03-23,28200
YG,2018-03-26,29500
YG,2018-03-27,29700
YG,2018-03-28,31100
YG,2018-03-29,31150
YG,2018-03-30,30800
YG,2018-04-02,32050
YG,2018-04-03,32400
YG,2018-04-04,30900
YG,2018-04-05,30150
YG,2018-04-06,29850
YG,2018-04-09,30550
YG,2018-04-10,31150
YG,2018-04-11,30750
YG,2018-04-12,29850
YG,2018-04-13,30650
YG,2018-04-16,31250
YG,2018-04-17,30850
YG,2018-04-18,30450
YG,2018-04-19,30300
YG,2018-04-20,30300
YG,2018-04-23,30450
YG,2018-04-24,29850
YG,2018-04-25,30100
YG,2018-04-26,29950
YG,2018-04-27,29100
YG,2018-04-30,29300
YG,2018-05-02,28600
YG,2018-05-03,28300
YG,2018-05-04,27850
YG,2018-05-08,27200
YG,2018-05-09,27950
YG,2018-05-10,27050
YG,2018-05-11,27350
YG,2018-05-14,27350
YG,2018-05-15,27750
YG,2018-05-16,27150
YG,2018-05-17,27350
YG,2018-05-18,27350
YG,2018-05-21,27500
YG,2018-05-23,27900
YG,2018-05-24,27650
YG,2018-05-25,27350
YG,2018-05-28,27400
YG,2018-05-29,28550
YG,2018-05-30,28350
YG,2018-05-31,29000
YG,2018-06-01,28400
YG,2018-06-04,28650
YG,2018-06-05,28400
YG,2018-06-07,28300
YG,2018-06-08,28250
YG,2018-06-11,28850
YG,2018-06-12,30700
YG,2018-06-14,31050
YG,2018-06-15,31250
YG,2018-06-18,33000
YG,2018-06-19,32150
YG,2018-06-20,34050
YG,2018-06-21,36400
YG,2018-06-22,36250
YG,2018-06-25,36250
YG,2018-06-26,37200
YG,2018-06-27,36750
YG,2018-06-28,36500
YG,2018-06-29,36250
YG,2018-07-02,35950
YG,2018-07-03,38100
YG,2018-07-04,37800
YG,2018-07-05,36850
YG,2018-07-06,37450
YG,2018-07-09,39750
YG,2018-07-10,39100
YG,2018-07-11,38750
YG,2018-07-12,40450
YG,2018-07-13,41350
YG,2018-07-16,41750
YG,2018-07-17,39100
YG,2018-07-18,37850
YG,2018-07-19,37100
YG,2018-07-20,37150
YG,2018-07-23,35400
YG,2018-07-24,35400
YG,2018-07-25,35050
YG,2018-07-26,36600
YG,2018-07-27,35950
YG,2018-07-30,34000
YG,2018-07-31,33300
YG,2018-08-01,34950
YG,2018-08-02,34350
YG,2018-08-03,34500
YG,2018-08-06,33650
YG,2018-08-07,35000
YG,2018-08-08,35000
YG,2018-08-09,34850
YG,2018-08-10,35000
YG,2018-08-13,34100
YG,2018-08-14,35450
YG,2018-08-16,37950
YG,2018-08-17,37050
YG,2018-08-20,36050
YG,2018-08-21,38300
YG,2018-08-22,38900
YG,2018-08-23,38200
YG,2018-08-24,40050
YG,2018-08-27,41800
YG,2018-08-28,39600
YG,2018-08-29,40850
YG,2018-08-30,41950
YG,2018-08-31,42900
YG,2018-09-03,42600
YG,2018-09-04,43250
YG,2018-09-05,43000
YG,2018-09-06,42550
YG,2018-09-07,42950
YG,2018-09-10,41550
YG,2018-09-11,42000
YG,2018-09-12,42600
YG,2018-09-13,43300
YG,2018-09-14,43600
YG,2018-09-17,43250
YG,2018-09-18,42700
YG,2018-09-19,43400
YG,2018-09-20,43600
YG,2018-09-21,44000
YG,2018-09-27,44200
YG,2018-09-28,44200
YG,2018-10-01,46700
YG,2018-10-02,44650
YG,2018-10-04,44650
YG,2018-10-05,43200
YG,2018-10-08,41200
YG,2018-10-10,42150
YG,2018-10-11,39650
YG,2018-10-12,40800
YG,2018-10-15,40300
YG,2018-10-16,42300
YG,2018-10-17,39450
YG,2018-10-18,40000
YG,2018-10-19,41200
YG,2018-10-22,41750
YG,2018-10-23,42700
YG,2018-10-24,37050
YG,2018-10-25,38000
YG,2018-10-26,36600
YG,2018-10-29,35950
YG,2018-10-30,38000
YG,2018-10-31,36850
YG,2018-11-01,37300
YG,2018-11-02,38950
YG,2018-11-05,37550
YG,2018-11-06,36850
YG,2018-11-07,35500
YG,2018-11-08,35700
YG,2018-11-09,36200
YG,2018-11-12,38250
YG,2018-11-13,39850
YG,2018-11-14,41300
YG,2018-11-15,42300
YG,2018-11-16,41550
YG,2018-11-19,40500
YG,2018-11-20,41050
YG,2018-11-21,40900
YG,2018-11-22,39650
YG,2018-11-23,39150
YG,2018-11-26,41950
YG,2018-11-27,42850
YG,2018-11-28,43200
YG,2018-11-29,43000
YG,2018-11-30,43400
YG,2018-12-03,43650
YG,2018-12-04,45300
YG,2018-12-05,44500
YG,2018-12-06,43200
YG,2018-12-07,43950
YG,2018-12-10,44050
YG,2018-12-11,45200
YG,2018-12-12,45550
YG,2018-12-13,45600
YG,2018-12-14,44750
YG,2018-12-17,43500
YG,2018-12-18,43200
YG,2018-12-19,46400
YG,2018-12-20,46000
YG,2018-12-21,46650
YG,2018-12-24,47250
YG,2018-12-26,48950
YG,2018-12-27,48700
YG,2018-12-28,47500
YG,2019-01-02,45900
YG,2019-01-03,45550
YG,2019-01-04,48900
YG,2019-01-07,48400
YG,2019-01-08,48400
YG,2019-01-09,47300
YG,2019-01-10,48200
YG,2019-01-11,46450
YG,2019-01-14,46700
YG,2019-01-15,48350
YG,2019-01-16,47600
YG,2019-01-17,44700
YG,2019-01-18,44600
YG,2019-01-21,42800
YG,2019-01-22,43600
YG,2019-01-23,42200
YG,2019-01-24,43100
YG,2019-01-25,42500
YG,2019-01-28,42250
YG,2019-01-29,41400
YG,2019-01-30,40800
YG,2019-01-31,43500
YG,2019-02-01,43450
YG,2019-02-07,45800
YG,2019-02-08,46050
YG,2019-02-11,45600
YG,2019-02-12,44900
YG,2019-02-13,44600
YG,2019-02-14,44450
YG,2019-02-15,44800
YG,2019-02-18,43300
YG,2019-02-19,43050
YG,2019-02-20,44250
YG,2019-02-21,46900
YG,2019-02-22,46500
YG,2019-02-25,47500
YG,2019-02-26,45400
YG,2019-02-27,44800
YG,2019-02-28,42050
YG,2019-03-04,41450
YG,2019-03-05,40800
YG,2019-03-06,41700
YG,2019-03-07,40750
YG,2019-03-08,43250
YG,2019-03-11,37150
YG,2019-03-12,35900
YG,2019-03-13,37750
YG,2019-03-14,37150
YG,2019-03-15,35700
YG,2019-03-18,36500
YG,2019-03-19,36150
YG,2019-03-20,36000
YG,2019-03-21,35400
YG,2019-03-22,35150
YG,2019-03-25,35500
YG,2019-03-26,36600
YG,2019-03-27,36150
YG,2019-03-28,36150
YG,2019-03-29,37700
YG,2019-04-01,37050
YG,2019-04-02,36650
YG,2019-04-03,37850
YG,2019-04-04,38050
YG,2019-04-05,37750
YG,2019-04-08,38700
YG,2019-04-09,38200
YG,2019-04-10,37650
YG,2019-04-11,38050
YG,2019-04-12,37700
YG,2019-04-15,37300
YG,2019-04-16,37600
YG,2019-04-17,37950
YG,2019-04-18,37100
YG,2019-04-19,36550
YG,2019-04-22,37200
YG,2019-04-23,37400
YG,2019-04-24,36800
YG,2019-04-25,35700
YG,2019-04-26,35100
YG,2019-04-29,35150
YG,2019-04-30,36000
YG,2019-05-02,36200
YG,2019-05-03,35800
YG,2019-05-07,35100
YG,2019-05-08,35200
YG,2019-05-09,33700
YG,2019-05-10,33950
YG,2019-05-13,33550
YG,2019-05-14,33400
YG,2019-05-15,34750
YG,2019-05-16,35200
YG,2019-05-17,34800
YG,2019-05-20,35850
YG,2019-05-21,34600
YG,2019-05-22,34400
YG,2019-05-23,33750
YG,2019-05-24,32800
YG,2019-05-27,28700
YG,2019-05-28,29100
YG,2019-05-29,29300
YG,2019-05-30,30300
YG,2019-05-31,30600
YG,2019-06-03,31900
YG,2019-06-04,31800
YG,2019-06-05,31900
YG,2019-06-07,32250
YG,2019-06-10,32700
YG,2019-06-11,33300
YG,2019-06-12,31950
YG,2019-06-13,31250
YG,2019-06-14,29500
YG,2019-06-17,28950
YG,2019-06-18,28300
YG,2019-06-19,29000
YG,2019-06-20,29400
YG,2019-06-21,29200
YG,2019-06-24,28250
YG,2019-06-25,28750
YG,2019-06-26,28400
YG,2019-06-27,29150
YG,2019-06-28,28950
YG,2019-07-01,28500
YG,2019-07-02,29000
YG,2019-07-03,28550
YG,2019-07-04,28850
YG,2019-07-05,29050
YG,2019-07-08,27950
YG,2019-07-09,27700
YG,2019-07-10,28600
YG,2019-07-11,29850
YG,2019-07-12,28500
YG,2019-07-15,28150
YG,2019-07-16,28250
YG,2019-07-17,27550
YG,2019-07-18,27000
YG,2019-07-19,27800
YG,2019-07-22,27750
YG,2019-07-23,27350
YG,2019-07-24,27150
YG,2019-07-25,26550
YG,2019-07-26,25250
YG,2019-07-29,24350
YG,2019-07-30,25250
YG,2019-07-31,25000
YG,2019-08-01,24800
YG,2019-08-02,24800
YG,2019-08-05,22300
YG,2019-08-06,22500
YG,2019-08-07,23450
YG,2019-08-08,26000
YG,2019-08-09,23150
YG,2019-08-12,23050
YG,2019-08-13,22150
YG,2019-08-14,21400
YG,2019-08-16,21000
YG,2019-08-19,21400
YG,2019-08-20,21350
YG,2019-08-21,22450
YG,2019-08-22,21600
YG,2019-08-23,21250
YG,2019-08-26,19450
YG,2019-08-27,20000
YG,2019-08-28,20800
YG,2019-08-29,20750
YG,2019-08-30,21200
YG,2019-09-02,21900
YG,2019-09-03,21750
YG,2019-09-04,22200
YG,2019-09-05,22300
YG,2019-09-06,21850
YG,2019-09-09,22150
YG,2019-09-10,22600
YG,2019-09-11,23500
YG,2019-09-16,23000
YG,2019-09-17,22750
YG,2019-09-18,22750
YG,2019-09-19,22550
YG,2019-09-20,24200
YG,2019-09-23,24500
YG,2019-09-24,23750
YG,2019-09-25,22700
YG,2019-09-26,23700
YG,2019-09-27,23900
YG,2019-09-30,23050
YG,2019-10-01,24200
YG,2019-10-02,23200
YG,2019-10-04,22850
YG,2019-10-07,23400
YG,2019-10-08,23800
YG,2019-10-10,23550
YG,2019-10-11,23950
YG,2019-10-14,25650
YG,2019-10-15,26000
YG,2019-10-16,25800
YG,2019-10-17,25250
YG,2019-10-18,24750
YG,2019-10-21,24900
YG,2019-10-22,26400
YG,2019-10-23,26350
YG,2019-10-24,26400
YG,2019-10-25,25850
YG,2019-10-28,26000
YG,2019-10-29,25700
YG,2019-10-30,26750
YG,2019-10-31,26750
YG,2019-11-01,26900
YG,2019-11-04,27050
YG,2019-11-05,26900
YG,2019-11-06,26500
YG,2019-11-07,26650
YG,2019-11-08,25400
YG,2019-11-11,26050
YG,2019-11-12,26150
YG,2019-11-13,25550
YG,2019-11-14,25400
YG,2019-11-15,25400
YG,2019-11-18,25450
YG,2019-11-19,24850
YG,2019-11-20,24300
YG,2019-11-21,23800
YG,2019-11-22,24050
YG,2019-11-25,24950
YG,2019-11-26,25150
YG,2019-11-27,24950
YG,2019-11-28,24600
YG,2019-11-29,24850
YG,2019-12-02,24800
YG,2019-12-03,24300
YG,2019-12-04,24400
YG,2019-12-05,24400
YG,2019-12-06,25500
YG,2019-12-09,25100
YG,2019-12-10,25550
YG,2019-12-11,25350
YG,2019-12-12,25450
YG,2019-12-13,26250
YG,2019-12-16,25900
YG,2019-12-17,26200
YG,2019-12-18,26200
YG,2019-12-19,26150
YG,2019-12-20,26100
YG,2019-12-23,26150
YG,2019-12-24,26000
YG,2019-12-26,26500
YG,2019-12-27,26750
YG,2019-12-30,27350
YG,2020-01-02,27500
YG,2020-01-03,28400
YG,2020-01-06,30000
YG,2020-01-07,30750
YG,2020-01-08,30550
YG,2020-01-09,32050
YG,2020-01-10,31750
YG,2020-01-13,34700
YG,2020-01-14,35000
YG,2020-01-15,35800
YG,2020-01-16,35150
YG,2020-01-17,34950
YG,2020-01-20,34450
YG,2020-01-21,33300
YG,2020-01-22,33950
YG,2020-01-23,33300
YG,2020-01-28,31300
YG,2020-01-29,32750
YG,2020-01-30,32550
YG,2020-01-31,31600
YG,2020-02-03,33950
YG,2020-02-04,34200
YG,2020-02-05,33500
YG,2020-02-06,33650
YG,2020-02-07,33900
YG,2020-02-10,32650
YG,2020-02-11,32000
YG,2020-02-12,32700
YG,2020-02-13,33200
YG,2020-02-14,32650
YG,2020-02-17,34600
YG,2020-02-18,34050
YG,2020-02-19,33900
YG,2020-02-20,32900
YG,2020-02-21,31050
YG,2020-02-24,30050
YG,2020-02-25,30600
YG,2020-02-26,31750
YG,2020-02-27,32000
YG,2020-02-28,30300
YG,2020-03-02,30900
YG,2020-03-03,29950
YG,2020-03-04,29700
YG,2020-03-05,29100
YG,2020-03-06,26450
YG,2020-03-09,25100
YG,2020-03-10,25300
YG,2020-03-11,25150
YG,2020-03-12,23250
YG,2020-03-13,22700
YG,2020-03-16,22200
YG,2020-03-17,22400
YG,2020-03-18,21000
YG,2020-03-19,19550
YG,2020-03-20,21350
YG,2020-03-23,19450
YG,2020-03-24,21400
YG,2020-03-25,24650
YG,2020-03-26,24650
YG,2020-03-27,24400
YG,2020-03-30,23800
YG,2020-03-31,24050
YG,2020-04-01,23100
YG,2020-04-02,24100
YG,2020-04-03,23650
YG,2020-04-06,25000
YG,2020-04-07,25300
YG,2020-04-08,26250
YG,2020-04-09,26550
YG,2020-04-10,28900
YG,2020-04-13,28000
YG,2020-04-14,28900
YG,2020-04-16,30550
YG,2020-04-17,30850
YG,2020-04-20,29600
YG,2020-04-21,28700
YG,2020-04-22,29250
YG,2020-04-23,29150
YG,2020-04-24,28050
YG,2020-04-27,28850
YG,2020-04-28,29550
YG,2020-04-29,29650
YG,2020-05-04,29850
YG,2020-05-06,30600
YG,2020-05-07,30950
YG,2020-05-08,30600
YG,2020-05-11,30050
YG,2020-05-12,29400
YG,2020-05-13,30650
YG,2020-05-14,30500
YG,2020-05-15,29500
YG,2020-05-18,30450
YG,2020-05-19,33200
YG,2020-05-20,33500
YG,2020-05-21,32900
YG,2020-05-22,31500
YG,2020-05-25,31400
YG,2020-05-26,32100
YG,2020-05-27,32150
YG,2020-05-28,30300
YG,2020-05-29,29600
YG,2020-06-01,30450
YG,2020-06-02,30250
YG,2020-06-03,30450
YG,2020-06-04,30050
YG,2020-06-05,29900
YG,2020-06-08,31850
YG,2020-06-09,31850
YG,2020-06-10,31950
YG,2020-06-11,32000
YG,2020-06-12,30400
YG,2020-06-15,28550
YG,2020-06-16,29750
YG,2020-06-17,29700
YG,2020-06-18,29600
YG,2020-06-19,29800
YG,2020-06-22,30450
YG,2020-06-23,31200
YG,2020-06-24,31500
YG,2020-06-25,32500
YG,2020-06-26,33850
YG,2020-06-29,37000
YG,2020-06-30,37250
YG,2020-07-01,35600
YG,2020-07-02,39450
YG,2020-07-03,38750
YG,2020-07-06,39200
YG,2020-07-07,38600
YG,2020-07-08,40400
YG,2020-07-09,39600
YG,2020-07-10,38350
YG,2020-07-13,38250
YG,2020-07-14,38750
YG,2020-07-15,37450
YG,2020-07-16,38000
YG,2020-07-17,39650
YG,2020-07-20,40000
YG,2020-07-21,39000
YG,2020-07-22,38350
YG,2020-07-23,38850
YG,2020-07-24,38300
YG,2020-07-27,38700
YG,2020-07-28,38950
YG,2020-07-29,40400
YG,2020-07-30,39450
YG,2020-07-31,40700
YG,2020-08-03,42650
YG,2020-08-04,42950
YG,2020-08-05,45000
YG,2020-08-06,45050
YG,2020-08-07,43950
YG,2020-08-10,45600
YG,2020-08-11,45700
YG,2020-08-12,44250
YG,2020-08-13,48250
YG,2020-08-14,48500
YG,2020-08-18,46750
YG,2020-08-19,49300
YG,2020-08-20,46500
YG,2020-08-21,46700
YG,2020-08-24,46800
YG,2020-08-25,48700
YG,2020-08-26,50400
YG,2020-08-27,50900
YG,2020-08-28,49000
YG,2020-08-31,46650
YG,2020-09-01,48450
YG,2020-09-02,50200
YG,2020-09-03,52200
YG,2020-09-04,52300
YG,2020-09-07,54700
YG,2020-09-08,57600
YG,2020-09-09,57700
YG,2020-09-10,57700
YG,2020-09-11,58700
YG,2020-09-14,58000
YG,2020-09-15,58000
YG,2020-09-16,58300
YG,2020-09-17,56300
YG,2020-09-18,58000
YG,2020-09-21,55600
YG,2020-09-22,55200
YG,2020-09-23,55900
YG,2020-09-24,51900
YG,2020-09-25,50900
YG,2020-09-28,57000
YG,2020-09-29,58000
YG,2020-10-05,52500
YG,2020-10-06,51500
YG,2020-10-07,51600
YG,2020-10-08,49800
YG,2020-10-12,47600
YG,2020-10-13,48100
YG,2020-10-14,48150
YG,2020-10-15,44900
YG,2020-10-16,43850
YG,2020-10-19,42650
YG,2020-10-20,42950
YG,2020-10-21,42600
YG,2020-10-22,41700
YG,2020-10-23,41950
YG,2020-10-26,38700
YG,2020-10-27,40400
YG,2020-10-28,41150
YG,2020-10-29,40450
YG,2020-10-30,38700
YG,2020-11-02,39850
YG,2020-11-03,41000
YG,2020-11-04,41150
YG,2020-11-05,43850
YG,2020-11-06,42500
YG,2020-11-09,42950
YG,2020-11-10,43900
YG,2020-11-11,42800
YG,2020-11-12,43650
YG,2020-11-13,44350
YG,2020-11-16,45300
YG,2020-11-17,43850
YG,2020-11-18,44900
YG,2020-11-19,43850
YG,2020-11-20,44600
YG,2020-11-23,45450
YG,2020-11-24,47150
YG,2020-11-25,45950
YG,2020-11-26,45150
YG,2020-11-27,45050
YG,2020-11-30,43800
YG,2020-12-01,44050
YG,2020-12-02,43750
YG,2020-12-03,49050
YG,2020-12-04,46600
YG,2020-12-07,45550
YG,2020-12-08,45900
YG,2020-12-09,46650
YG,2020-12-10,45800
YG,2020-12-11,47300
YG,2020-12-14,46800
YG,2020-12-15,46750
YG,2020-12-16,46900
YG,2020-12-17,44900
YG,2020-12-18,45200
YG,2020-12-21,43800
YG,2020-12-22,42400
YG,2020-12-23,42800
YG,2020-12-24,43050
YG,2020-12-28,43450
YG,2020-12-29,44450
YG,2020-12-30,44700
YG,2021-01-04,44050
YG,2021-01-05,43300
YG,2021-01-06,43000
YG,2021-01-07,43000
YG,2021-01-08,45100
YG,2021-01-11,44000
YG,2021-01-12,45250
YG,2021-01-13,47000
YG,2021-01-14,47000
YG,2021-01-15,45500
YG,2021-01-18,45300
YG,2021-01-19,47050
YG,2021-01-20,51000
YG,2021-01-21,51200
YG,2021-01-22,52900
YG,2021-01-25,51800
YG,2021-01-26,52000
YG,2021-01-27,50400
YG,2021-01-28,47050
YG,2021-01-29,45350
YG,2021-02-01,45750
YG,2021-02-02,47500
YG,2021-02-03,49100
YG,2021-02-04,49050
YG,2021-02-05,49150
YG,2021-02-08,48900
YG,2021-02-09,46650
YG,2021-02-10,47150
YG,2021-02-15,47150
YG,2021-02-16,48550
YG,2021-02-17,48600
YG,2021-02-18,46900
YG,2021-02-19,46000
YG,2021-02-22,44800
YG,2021-02-23,46150
YG,2021-02-24,44700
YG,2021-02-25,46050
YG,2021-02-26,45700
YG,2021-03-02,45900
YG,2021-03-03,47100
YG,2021-03-04,49150
YG,2021-03-05,50300
YG,2021-03-08,49850
YG,2021-03-09,48500
YG,2021-03-10,47100
YG,2021-03-11,48400
YG,2021-03-12,48350
YG,2021-03-15,49250
YG,2021-03-16,49300
YG,2021-03-17,49750
YG,2021-03-18,48150
YG,2021-03-19,48000
YG,2021-03-22,47950
YG,2021-03-23,47550
YG,2021-03-24,46550
YG,2021-03-25,46250
YG,2021-03-26,45250
YG,2021-03-29,45100
YG,2021-03-30,45050
YG,2021-03-31,44500
YG,2021-04-01,45250
YG,2021-04-02,45300
YG,2021-04-05,46000
YG,2021-04-06,46150
YG,2021-04-07,46200
YG,2021-04-08,46200
YG,2021-04-09,45350
YG,2021-04-12,45100
YG,2021-04-13,45250
YG,2021-04-14,44900
YG,2021-04-15,44600
YG,2021-04-16,45100
YG,2021-04-19,44950
YG,2021-04-20,45200
YG,2021-04-21,44500
YG,2021-04-22,44550
YG,2021-04-23,43850
YG,2021-04-26,44500
YG,2021-04-27,43850
YG,2021-04-28,42950
YG,2021-04-29,42400
YG,2021-04-30,41550
YG,2021-05-03,41000
YG,2021-05-04,40950
YG,2021-05-06,40600
YG,2021-05-07,41900
YG,2021-05-10,41900
YG,2021-05-11,41500
YG,2021-05-12,44500
YG,2021-05-13,44900
YG,2021-05-14,45100
YG,2021-05-17,46100
YG,2021-05-18,47250
YG,2021-05-20,48350
YG,2021-05-21,47950
YG,2021-05-24,49050
YG,2021-05-25,50000
YG,2021-05-26,50000
YG,2021-05-27,50500
YG,2021-05-28,49400
YG,2021-05-31,50900
YG,2021-06-01,50900
YG,2021-06-02,51000
YG,2021-06-03,50400
YG,2021-06-04,49900
YG,2021-06-07,50000
YG,2021-06-08,47950
YG,2021-06-09,48350
YG,2021-06-10,47900
YG,2021-06-11,49750
YG,2021-06-14,50700
YG,2021-06-15,52400
YG,2021-06-16,52700
YG,2021-06-17,53700
YG,2021-06-18,54800
YG,2021-06-21,52800
YG,2021-06-22,52200
YG,2021-06-23,55300
YG,2021-06-24,54200
YG,2021-06-25,51100
YG,2021-06-28,50400
YG,2021-06-29,50400
YG,2021-06-30,51200
YG,2021-07-01,51900
YG,2021-07-02,51400
YG,2021-07-05,52600
YG,2021-07-06,52700
YG,2021-07-07,51200
YG,2021-07-08,50500
YG,2021-07-09,49400
YG,2021-07-12,50000
YG,2021-07-13,53600
YG,2021-07-14,55400
YG,2021-07-15,55700
YG,2021-07-16,56900
YG,2021-07-19,56600
YG,2021-07-20,54300
YG,2021-07-21,56200
YG,2021-07-22,55800
YG,2021-07-23,56200
YG,2021-07-26,56500
YG,2021-07-27,54400
YG,2021-07-28,53800
YG,2021-07-29,54100
YG,2021-07-30,52700
YG,2021-08-02,53700
YG,2021-08-03,52800
YG,2021-08-04,55000
YG,2021-08-05,54400
YG,2021-08-06,57200
YG,2021-08-09,57700
YG,2021-08-10,55500
YG,2021-08-11,55200
YG,2021-08-12,61600
YG,2021-08-13,61300
YG,2021-08-17,59300
YG,2021-08-18,59600
YG,2021-08-19,58700
YG,2021-08-20,55400
YG,2021-08-23,58200
YG,2021-08-24,60000
YG,2021-08-25,60200
YG,2021-08-26,62100
YG,2021-08-27,60800
YG,2021-08-30,60000
YG,2021-08-31,60600
YG,2021-09-01,60600
YG,2021-09-02,59000
YG,2021-09-03,57500
YG,2021-09-06,58300
YG,2021-09-07,58500
YG,2021-09-08,56000
YG,2021-09-09,56200
YG,2021-09-10,55300
YG,2021-09-13,53000
YG,2021-09-14,53800
YG,2021-09-15,53400
YG,2021-09-16,54500
YG,2021-09-17,54500
YG,2021-09-23,52800
YG,2021-09-24,52900
YG,2021-09-27,53200
YG,2021-09-28,56300
YG,2021-09-29,58000
YG,2021-09-30,61800
YG,2021-10-01,61600
YG,2021-10-05,64800
YG,2021-10-06,64700
YG,2021-10-07,65700
YG,2021-10-08,63300
YG,2021-10-12,59700
YG,2021-10-13,59800
YG,2021-10-14,62600
YG,2021-10-15,63000
YG,2021-10-18,63000
YG,2021-10-19,64300
YG,2021-10-20,67400
YG,2021-10-21,67200
YG,2021-10-22,65400
YG,2021-10-25,66500
YG,2021-10-26,70900
YG,2021-10-27,71500
YG,2021-10-28,68300
YG,2021-10-29,70300
YG,2021-11-01,70700
YG,2021-11-02,73000
YG,2021-11-03,70600
YG,2021-11-04,69800
YG,2021-11-05,70300
YG,2021-11-08,71400
YG,2021-11-09,73100
YG,2021-11-10,70700
YG,2021-11-11,72400
YG,2021-11-12,71500
YG,2021-11-15,70900
YG,2021-11-16,68500
YG,2021-11-17,69100
YG,2021-11-18,67000
YG,2021-11-19,65900
YG,2021-11-22,64100
YG,2021-11-23,62500
YG,2021-11-24,62700
YG,2021-11-25,60800
YG,2021-11-26,57900
YG,2021-11-29,56500
YG,2021-11-30,55700
YG,2021-12-01,55100
YG,2021-12-02,52900
YG,2021-12-03,55700
YG,2021-12-06,54400
YG,2021-12-07,56300
YG,2021-12-08,55400
YG,2021-12-09,56300
YG,2021-12-10,54800
YG,2021-12-13,54100
YG,2021-12-14,53700
YG,2021-12-15,53200
YG,2021-12-16,54200
YG,2021-12-17,53100
YG,2021-12-20,51600
YG,2021-12-21,52200
YG,2021-12-22,53600
YG,2021-12-23,53500
YG,2021-12-24,53400
YG,2021-12-27,54500
YG,2021-12-28,57100
YG,2021-12-29,55800
YG,2021-12-30,55700
YG,2022-01-03,56300
YG,2022-01-04,54800
YG,2022-01-05,53600
YG,2022-01-06,51600
YG,2022-01-07,51800
YG,2022-01-10,51000
YG,2022-01-11,50200
YG,2022-01-12,51100
YG,2022-01-13,50500
YG,2022-01-14,49200
YG,2022-01-17,49250
YG,2022-01-18,49050
YG,2022-01-19,46900
YG,2022-01-20,51000
YG,2022-01-21,51500
YG,2022-01-24,50000
YG,2022-01-25,49150
YG,2022-01-26,47700
YG,2022-01-27,45300
YG,2022-01-28,49000
YG,2022-02-03,50600
YG,2022-02-04,54100
YG,2022-02-07,55100
YG,2022-02-08,56600
YG,2022-02-09,56300
YG,2022-02-10,54700
YG,2022-02-11,55000
YG,2022-02-14,55000
YG,2022-02-15,54300
YG,2022-02-16,57300
YG,2022-02-17,57000
YG,2022-02-18,57400
YG,2022-02-21,61400
YG,2022-02-22,61800
YG,2022-02-23,61900
YG,2022-02-24,60900
YG,2022-02-25,64800
YG,2022-02-28,65700
YG,2022-03-02,66200
YG,2022-03-03,64700
YG,2022-03-04,65500
YG,2022-03-07,65600
YG,2022-03-08,63800
YG,2022-03-10,67000
YG,2022-03-11,68300
YG,2022-03-14,67200
YG,2022-03-15,67400
YG,2022-03-16,66700
YG,2022-03-17,65900
YG,2022-03-18,66300
YG,2022-03-21,65800
YG,2022-03-22,69400
YG,2022-03-23,68300
YG,2022-03-24,69100
YG,2022-03-25,68900
YG,2022-03-28,67000
YG,2022-03-29,66800
YG,2022-03-30,68600
YG,2022-03-31,68400
YG,2022-04-01,71100
YG,2022-04-04,70300
YG,2022-04-05,65800
YG,2022-04-06,64400
YG,2022-04-07,62300
YG,2022-04-08,62800
YG,2022-04-11,61900
YG,2022-04-12,62800
YG,2022-04-13,62900
YG,2022-04-14,61400
YG,2022-04-15,64000
YG,2022-04-18,60000
YG,2022-04-19,60100
YG,2022-04-20,59200
YG,2022-04-21,58400
YG,2022-04-22,56700
YG,2022-04-25,55900
YG,2022-04-26,57200
YG,2022-04-27,58000
YG,2022-04-28,56500
YG,2022-04-29,57000
YG,2022-05-02,56500
YG,2022-05-03,57500
YG,2022-05-04,58100
YG,2022-05-06,57500
YG,2022-05-09,55100
YG,2022-05-10,55300
YG,2022-05-11,55800
YG,2022-05-12,52000
YG,2022-05-13,53900
YG,2022-05-16,55200
YG,2022-05-17,55800
YG,2022-05-18,55600
YG,2022-05-19,54700
YG,2022-05-20,55700
YG,2022-05-23,54600
YG,2022-05-24,53900
YG,2022-05-25,55100
YG,2022-05-26,54400
YG,2022-05-27,55500
YG,2022-05-30,56400
YG,2022-05-31,56600
YG,2022-06-02,55700
YG,2022-06-03,56000
YG,2022-06-07,54700
YG,2022-06-08,57000
YG,2022-06-09,57500
YG,2022-06-10,57100
YG,2022-06-13,53800
YG,2022-06-14,52700
YG,2022-06-15,48800
YG,2022-06-16,49250
YG,2022-06-17,48350
YG,2022-06-20,47000
YG,2022-06-21,47100
YG,2022-06-22,43450
YG,2022-06-23,41850
YG,2022-06-24,44700
YG,2022-06-27,45950
YG,2022-06-28,45300
YG,2022-06-29,45050
YG,2022-06-30,44150
YG,2022-07-01,43600
YG,2022-07-04,44600
YG,2022-07-05,46050
YG,2022-07-06,48950
YG,2022-07-07,49000
YG,2022-07-08,49650
YG,2022-07-11,50800
YG,2022-07-12,50600
YG,2022-07-13,51500
YG,2022-07-14,53500
YG,2022-07-15,53500
YG,2022-07-18,53700
YG,2022-07-19,54300
YG,2022-07-20,54100
YG,2022-07-21,54300
YG,2022-07-22,54100
YG,2022-07-25,56100
YG,2022-07-26,54200
YG,2022-07-27,54000
YG,2022-07-28,54500
YG,2022-07-29,55100
YG,2022-08-01,54700
YG,2022-08-02,54900
YG,2022-08-03,55900
YG,2022-08-04,55900
YG,2022-08-05,55500
YG,2022-08-08,56700
YG,2022-08-09,59500
YG,2022-08-10,58000
YG,2022-08-11,59500
YG,2022-08-12,61900
YG,2022-08-16,62400
YG,2022-08-17,60500
YG,2022-08-18,61300
YG,2022-08-19,58300
YG,2022-08-22,59100
YG,2022-08-23,56000
YG,2022-08-24,58200
YG,2022-08-25,61100
YG,2022-08-26,60400
YG,2022-08-29,57800
YG,2022-08-30,60100
YG,2022-08-31,60600
YG,2022-09-01,58500
YG,2022-09-02,58400
YG,2022-09-05,57400
YG,2022-09-06,57400
YG,2022-09-07,56300
YG,2022-09-08,57200
YG,2022-09-13,57000
YG,2022-09-14,53800
YG,2022-09-15,52100
YG,2022-09-16,53400
YG,2022-09-19,52500
YG,2022-09-20,51900
YG,2022-09-21,51200
YG,2022-09-22,50300
YG,2022-09-23,48450
YG,2022-09-26,47500
YG,2022-09-27,49350
YG,2022-09-28,45200
YG,2022-09-29,46450
YG,2022-09-30,48450
YG,2022-10-04,49200
YG,2022-10-05,46000
YG,2022-10-06,46200
YG,2022-10-07,45250
YG,2022-10-11,43050
YG,2022-10-12,44300
YG,2022-10-13,42350
YG,2022-10-14,45000
YG,2022-10-17,45350
YG,2022-10-18,45450
YG,2022-10-19,44050
YG,2022-10-20,43500
YG,2022-10-21,43550
YG,2022-10-24,43400
YG,2022-10-25,43400
YG,2022-10-26,42550
YG,2022-10-27,43450
YG,2022-10-28,42850
YG,2022-10-31,42750
YG,2022-11-01,42350
YG,2022-11-02,42250
YG,2022-11-03,41150
YG,2022-11-04,41450
YG,2022-11-07,41600
YG,2022-11-08,42500
YG,2022-11-09,41600
YG,2022-11-10,41250
YG,2022-11-11,42800
YG,2022-11-14,41000
YG,2022-11-15,41850
YG,2022-11-16,43300
YG,2022-11-17,42200
YG,2022-11-18,41100
YG,2022-11-21,40150
YG,2022-11-22,40300
YG,2022-11-23,40950
YG,2022-11-24,42900
YG,2022-11-25,42800
YG,2022-11-28,42450
YG,2022-11-29,44900
YG,2022-11-30,43900
YG,2022-12-01,45300
YG,2022-12-02,44950
YG,2022-12-05,45350
YG,2022-12-06,43650
YG,2022-12-07,44250
YG,2022-12-08,43950
YG,2022-12-09,45200
YG,2022-12-12,44900
YG,2022-12-13,44250
YG,2022-12-14,45300
YG,2022-12-15,44050
YG,2022-12-16,45300
YG,2022-12-19,46850
YG,2022-12-20,44250
YG,2022-12-21,44600
YG,2022-12-22,47750
YG,2022-12-23,46050
YG,2022-12-26,45350
YG,2022-12-27,45000
YG,2022-12-28,42800
YG,2022-12-29,43850
