Date,JYP,SM,YG
2018-01-02,13350,34750,28600
2018-01-03,13150,33500,28200
2018-01-04,12800,33000,27300
2018-01-05,13350,33700,27600
2018-01-08,12900,33650,27000
2018-01-09,13150,33700,27350
2018-01-10,13450,35800,28250
2018-01-11,13400,35650,27800
2018-01-12,13050,35150,27550
2018-01-15,14000,36650,28150
2018-01-16,14500,36800,28350
2018-01-17,16200,38500,29350
2018-01-18,15950,38100,29350
2018-01-19,16650,39150,29600
2018-01-22,16550,39650,29800
2018-01-23,16050,39300,30000
2018-01-24,16100,39050,29950
2018-01-25,15850,38200,29500
2018-01-26,16400,39450,29750
2018-01-29,16050,39600,30850
2018-01-30,16150,38400,30000
2018-01-31,15650,38600,29600
2018-02-01,16450,39950,30050
2018-02-02,16050,39100,29750
2018-02-05,15550,38050,28950
2018-02-06,15500,37650,29000
2018-02-07,15000,36100,28950
2018-02-08,16600,37200,29300
2018-02-09,16600,36900,28500
2018-02-12,16900,37150,28100
2018-02-13,15850,36500,27650
2018-02-14,16400,36900,27800
2018-02-19,17400,37950,28550
2018-02-20,16900,36950,28300
2018-02-21,16700,37000,28700
2018-02-22,16650,36400,28700
2018-02-23,16950,36450,27950
2018-02-26,17050,36550,27800
2018-02-27,17000,36600,27650
2018-02-28,16900,36750,27150
2018-03-02,17500,38000,27250
2018-03-05,17450,38000,27550
2018-03-06,18000,38750,27700
2018-03-07,17900,36700,27300
2018-03-08,18400,36250,27050
2018-03-09,18700,38250,28050
2018-03-12,19050,41100,29450
2018-03-13,19300,41700,30000
2018-03-14,19700,41600,29450
2018-03-15,19850,41800,30150
2018-03-16,20350,42800,30150
2018-03-19,21200,44400,29850
2018-03-20,21250,45000,30000
2018-03-21,20250,43900,29650
2018-03-22,20600,44050,29650
2018-03-23,20600,42700,28200
2018-03-26,21400,46200,29500
2018-03-27,22450,46500,29700
2018-03-28,22650,46200,31100
2018-03-29,22950,46550,31150
2018-03-30,23150,45750,30800
2018-04-02,24000,46500,32050
2018-04-03,24100,47800,32400
2018-04-04,23350,44800,30900
2018-04-05,22300,42250,30150
2018-04-06,22000,42300,29850
2018-04-09,22550,41300,30550
2018-04-10,22600,42500,31150
2018-04-11,21750,41500,30750
2018-04-12,21150,40100,29850
2018-04-13,21250,40650,30650
2018-04-16,22500,41400,31250
2018-04-17,23600,41000,30850
2018-04-18,23850,40600,30450
2018-04-19,22950,38250,30300
2018-04-20,22900,37800,30300
2018-04-23,22000,36900,30450
2018-04-24,22050,36550,29850
2018-04-25,22100,37400,30100
2018-04-26,22050,37450,29950
2018-04-27,22350,36800,29100
2018-04-30,21450,35750,29300
2018-05-02,20250,34850,28600
2018-05-03,20700,35200,28300
2018-05-04,20450,35550,27850
2018-05-08,19950,35200,27200
2018-05-09,19950,35850,27950
2018-05-10,19400,34300,27050
2018-05-11,20050,34950,27350
2018-05-14,19500,36400,27350
2018-05-15,20700,39500,27750
2018-05-16,21950,38600,27150
2018-05-17,21250,38900,27350
2018-05-18,21850,39000,27350
2018-05-21,22100,39350,27500
2018-05-23,21800,39300,27900
2018-05-24,22300,40850,27650
2018-05-25,22300,40850,27350
2018-05-28,23050,40650,27400
2018-05-29,24500,42000,28550
2018-05-30,24450,41550,28350
2018-05-31,24800,41550,29000
2018-06-01,25000,42050,28400
2018-06-04,25250,42100,28650
2018-06-05,24050,40500,28400
2018-06-07,24000,39150,28300
2018-06-08,24450,39300,28250
2018-06-11,24100,40400,28850
2018-06-12,24550,40500,30700
2018-06-14,24350,39850,31050
2018-06-15,24800,40400,31250
2018-06-18,24200,38550,33000
2018-06-19,23800,38550,32150
2018-06-20,24450,40350,34050
2018-06-21,26200,41350,36400
2018-06-22,25850,41800,36250
2018-06-25,25300,42300,36250
2018-06-26,25500,42450,37200
2018-06-27,25250,41700,36750
2018-06-28,25450,41000,36500
2018-06-29,26400,41950,36250
2018-07-02,25200,39650,35950
2018-07-03,26500,41500,38100
2018-07-04,25950,41800,37800
2018-07-05,25350,41950,36850
2018-07-06,25800,41550,37450
2018-07-09,26150,42900,39750
2018-07-10,25450,42500,39100
2018-07-11,24800,41650,38750
2018-07-12,25850,42600,40450
2018-07-13,26600,43550,41350
2018-07-16,26150,43900,41750
2018-07-17,25450,42950,39100
2018-07-18,24500,42850,37850
2018-07-19,23700,40000,37100
2018-07-20,24050,38800,37150
2018-07-23,23150,37600,35400
2018-07-24,23550,38250,35400
2018-07-25,22700,38100,35050
2018-07-26,24250,39750,36600
2018-07-27,24200,40700,35950
2018-07-30,23200,39300,34000
2018-07-31,22700,38550,33300
2018-08-01,23300,40500,34950
2018-08-02,23100,39650,34350
2018-08-03,23200,40450,34500
2018-08-06,22350,40450,33650
2018-08-07,22300,40250,35000
2018-08-08,22950,40350,35000
2018-08-09,23200,40900,34850
2018-08-10,23650,41250,35000
2018-08-13,23050,39850,34100
2018-08-14,23750,41250,35450
2018-08-16,25700,43850,37950
2018-08-17,26400,43800,37050
2018-08-20,26950,43800,36050
2018-08-21,28650,45450,38300
2018-08-22,29000,45950,38900
2018-08-23,29900,46000,38200
2018-08-24,29800,47350,40050
2018-08-27,31400,49100,41800
2018-08-28,30600,47300,39600
2018-08-29,31300,47300,40850
2018-08-30,31600,47700,41950
2018-08-31,32250,48550,42900
2018-09-03,31850,47950,42600
2018-09-04,31850,48450,43250
2018-09-05,31950,47800,43000
2018-09-06,32450,48050,42550
2018-09-07,34200,48900,42950
2018-09-10,32950,46900,41550
2018-09-11,33300,47850,42000
2018-09-12,33950,48800,42600
2018-09-13,34700,49600,43300
2018-09-14,34800,49000,43600
2018-09-17,35200,48500,43250
2018-09-18,34900,47850,42700
2018-09-19,36650,49200,43400
2018-09-20,36950,48250,43600
2018-09-21,36600,47850,44000
2018-09-27,36400,50200,44200
2018-09-28,37100,50500,44200
2018-10-01,38100,52200,46700
2018-10-02,37050,50100,44650
2018-10-04,37300,50700,44650
2018-10-05,37850,49600,43200
2018-10-08,36350,47150,41200
2018-10-10,36600,47050,42150
2018-10-11,35450,45700,39650
2018-10-12,36050,47250,40800
2018-10-15,35700,47950,40300
2018-10-16,36850,50500,42300
2018-10-17,38050,51000,39450
2018-10-18,36950,49850,40000
2018-10-19,37900,51700,41200
2018-10-22,39150,52600,41750
2018-10-23,38900,51700,42700
2018-10-24,31000,43900,37050
2018-10-25,30250,44400,38000
2018-10-26,27400,42950,36600
2018-10-29,26750,42300,35950
2018-10-30,28500,43600,38000
2018-10-31,28600,43900,36850
2018-11-01,30050,45050,37300
2018-11-02,31500,47500,38950
2018-11-05,30500,48300,37550
2018-11-06,30200,47350,36850
2018-11-07,29250,46500,35500
2018-11-08,28700,45650,35700
2018-11-09,29750,46650,36200
2018-11-12,31050,46700,38250
2018-11-13,30800,46500,39850
2018-11-14,32600,49900,41300
2018-11-15,34400,53800,42300
2018-11-16,34450,54000,41550
2018-11-19,34300,54000,40500
2018-11-20,33800,55200,41050
2018-11-21,33350,54500,40900
2018-11-22,32750,53700,39650
2018-11-23,32050,52800,39150
2018-11-26,33600,55300,41950
2018-11-27,33600,56100,42850
2018-11-28,33000,55900,43200
2018-11-29,32800,54000,43000
2018-11-30,32400,53500,43400
2018-12-03,32450,53600,43650
2018-12-04,33100,53600,45300
2018-12-05,31400,51300,44500
2018-12-06,30200,50200,43200
2018-12-07,30750,51300,43950
2018-12-10,30100,51000,44050
2018-12-11,29800,52500,45200
2018-12-12,30600,52700,45550
2018-12-13,30850,52800,45600
2018-12-14,31350,50700,44750
2018-12-17,28850,50500,43500
2018-12-18,28950,49200,43200
2018-12-19,29950,51500,46400
2018-12-20,29500,50600,46000
2018-12-21,30200,52300,46650
2018-12-24,30950,52800,47250
2018-12-26,31600,53900,48950
2018-12-27,31000,52000,48700
2018-12-28,30250,52300,47500
2019-01-02,29050,51100,45900
2019-01-03,28300,50400,45550
2019-01-04,30250,52200,48900
2019-01-07,31350,53600,48400
2019-01-08,31500,52200,48400
2019-01-09,31550,51200,47300
2019-01-10,31500,51100,48200
2019-01-11,30900,49950,46450
2019-01-14,30900,50100,46700
2019-01-15,32950,50800,48350
2019-01-16,33150,49500,47600
2019-01-17,31800,47200,44700
2019-01-18,31650,47550,44600
2019-01-21,28800,46300,42800
2019-01-22,29300,47100,43600
2019-01-23,27600,44400,42200
2019-01-24,27850,44350,43100
2019-01-25,28000,45500,42500
2019-01-28,27650,45450,42250
2019-01-29,27650,45000,41400
2019-01-30,27700,46500,40800
2019-01-31,28700,48050,43500
2019-02-01,28250,47050,43450
2019-02-07,28800,47000,45800
2019-02-08,28550,46450,46050
2019-02-11,29200,47750,45600
2019-02-12,29600,46450,44900
2019-02-13,29500,46750,44600
2019-02-14,29200,46400,44450
2019-02-15,29850,47350,44800
2019-02-18,29900,46800,43300
2019-02-19,29400,46550,43050
2019-02-20,29600,48100,44250
2019-02-21,30150,49900,46900
2019-02-22,29800,48150,46500
2019-02-25,29800,48150,47500
2019-02-26,29400,47250,45400
2019-02-27,29000,47100,44800
2019-02-28,28500,46500,42050
2019-03-04,28650,48000,41450
2019-03-05,28700,46850,40800
2019-03-06,30000,46950,41700
2019-03-07,29350,44900,40750
2019-03-08,30100,45300,43250
2019-03-11,31200,40550,37150
2019-03-12,29950,39050,35900
2019-03-13,30000,39900,37750
2019-03-14,29050,39200,37150
2019-03-15,28150,37900,35700
2019-03-18,28550,39500,36500
2019-03-19,28900,39200,36150
2019-03-20,29300,38950,36000
2019-03-21,29200,38200,35400
2019-03-22,29450,38750,35150
2019-03-25,29400,38050,35500
2019-03-26,29950,39150,36600
2019-03-27,29750,38400,36150
2019-03-28,29800,38650,36150
2019-03-29,30800,39400,37700
2019-04-01,30600,39350,37050
2019-04-02,32300,40100,36650
2019-04-03,32500,40850,37850
2019-04-04,32450,40600,38050
2019-04-05,32500,40500,37750
2019-04-08,32050,40850,38700
2019-04-09,31950,40100,38200
2019-04-10,31400,40300,37650
2019-04-11,31550,41000,38050
2019-04-12,31500,41150,37700
2019-04-15,31350,41400,37300
2019-04-16,31500,41850,37600
2019-04-17,31250,41900,37950
2019-04-18,30550,41200,37100
2019-04-19,30900,41000,36550
2019-04-22,31550,41450,37200
2019-04-23,30850,41300,37400
2019-04-24,30550,41000,36800
2019-04-25,29800,40400,35700
2019-04-26,29350,40100,35100
2019-04-29,29300,40350,35150
2019-04-30,29800,41350,36000
2019-05-02,29800,41500,36200
2019-05-03,29750,42400,35800
2019-05-07,29100,41550,35100
2019-05-08,28900,40600,35200
2019-05-09,27200,38200,33700
2019-05-10,27550,38950,33950
2019-05-13,27250,39050,33550
2019-05-14,27750,40900,33400
2019-05-15,28900,41400,34750
2019-05-16,28650,41500,35200
2019-05-17,27650,40850,34800
2019-05-20,27600,41000,35850
2019-05-21,26850,40050,34600
2019-05-22,26250,39350,34400
2019-05-23,25500,38800,33750
2019-05-24,25350,38200,32800
2019-05-27,25500,37600,28700
2019-05-28,25700,37650,29100
2019-05-29,25050,37650,29300
2019-05-30,25900,42250,30300
2019-05-31,25500,42800,30600
2019-06-03,25550,43250,31900
2019-06-04,26000,43600,31800
2019-06-05,26200,45350,31900
2019-06-07,26300,47800,32250
2019-06-10,26300,47950,32700
2019-06-11,26750,46800,33300
2019-06-12,26400,45750,31950
2019-06-13,26000,46750,31250
2019-06-14,25450,45800,29500
2019-06-17,25550,45500,28950
2019-06-18,25450,44900,28300
2019-06-19,25650,44200,29000
2019-06-20,25650,44950,29400
2019-06-21,25150,44600,29200
2019-06-24,23900,43100,28250
2019-06-25,24150,41850,28750
2019-06-26,23950,41250,28400
2019-06-27,24200,41300,29150
2019-06-28,23900,41600,28950
2019-07-01,23050,40250,28500
2019-07-02,23150,40500,29000
2019-07-03,22550,40000,28550
2019-07-04,23150,39650,28850
2019-07-05,24000,39800,29050
2019-07-08,22600,38500,27950
2019-07-09,21900,37800,27700
2019-07-10,23050,38450,28600
2019-07-11,22950,38350,29850
2019-07-12,22500,38200,28500
2019-07-15,22000,38250,28150
2019-07-16,21600,37550,28250
2019-07-17,20700,36400,27550
2019-07-18,20750,35900,27000
2019-07-19,21200,36750,27800
2019-07-22,20800,35400,27750
2019-07-23,20650,35500,27350
2019-07-24,20600,35950,27150
2019-07-25,20650,35150,26550
2019-07-26,21400,35650,25250
2019-07-29,19850,33800,24350
2019-07-30,19900,34750,25250
2019-07-31,20350,35400,25000
2019-08-01,21000,32550,24800
2019-08-02,20200,32400,24800
2019-08-05,17750,29650,22300
2019-08-06,17650,29500,22500
2019-08-07,17850,29800,23450
2019-08-08,18900,30850,26000
2019-08-09,18600,30650,23150
2019-08-12,18700,30050,23050
2019-08-13,18250,29950,22150
2019-08-14,18800,29800,21400
2019-08-16,18150,28250,21000
2019-08-19,17650,28750,21400
2019-08-20,18350,29000,21350
2019-08-21,19350,30350,22450
2019-08-22,19350,29800,21600
2019-08-23,18350,29000,21250
2019-08-26,16950,27050,19450
2019-08-27,17650,27950,20000
2019-08-28,19050,29100,20800
2019-08-29,18900,29100,20750
2019-08-30,19150,29800,21200
2019-09-02,19450,29900,21900
2019-09-03,19250,30300,21750
2019-09-04,19150,30500,22200
2019-09-05,19350,30750,22300
2019-09-06,19000,30400,21850
2019-09-09,19950,31050,22150
2019-09-10,21100,31750,22600
2019-09-11,21850,31650,23500
2019-09-16,22000,31950,23000
2019-09-17,21850,31700,22750
2019-09-18,22700,32200,22750
2019-09-19,22950,31900,22550
2019-09-20,22700,32450,24200
2019-09-23,22900,32800,24500
2019-09-24,22250,32300,23750
2019-09-25,21600,31150,22700
2019-09-26,21750,32850,23700
2019-09-27,22000,33450,23900
2019-09-30,21550,33300,23050
2019-10-01,22100,35250,24200
2019-10-02,22000,34600,23200
2019-10-04,21800,34150,22850
2019-10-07,21750,35500,23400
2019-10-08,21250,35050,23800
2019-10-10,21000,34300,23550
2019-10-11,21350,34450,23950
2019-10-14,22550,37250,25650
2019-10-15,22500,37150,26000
2019-10-16,22050,35650,25800
2019-10-17,21700,36000,25250
2019-10-18,21350,35300,24750
2019-10-21,21350,34750,24900
2019-10-22,21600,35650,26400
2019-10-23,21450,35700,26350
2019-10-24,22250,36000,26400
2019-10-25,21800,35300,25850
2019-10-28,22100,35400,26000
2019-10-29,22700,35700,25700
2019-10-30,22600,37050,26750
2019-10-31,22400,37100,26750
2019-11-01,22650,37400,26900
2019-11-04,22650,37800,27050
2019-11-05,22100,38450,26900
2019-11-06,22400,38300,26500
2019-11-07,22250,38350,26650
2019-11-08,21800,38150,25400
2019-11-11,21850,39400,26050
2019-11-12,21500,38500,26150
2019-11-13,21200,36950,25550
2019-11-14,22100,39400,25400
2019-11-15,22700,39100,25400
2019-11-18,23500,39650,25450
2019-11-19,23500,39300,24850
2019-11-20,22900,39000,24300
2019-11-21,22200,38000,23800
2019-11-22,21950,38050,24050
2019-11-25,22900,38550,24950
2019-11-26,22750,38000,25150
2019-11-27,22250,37950,24950
2019-11-28,22150,36900,24600
2019-11-29,22200,38400,24850
2019-12-02,22350,38300,24800
2019-12-03,22050,36700,24300
2019-12-04,21750,36750,24400
2019-12-05,21750,36950,24400
2019-12-06,22000,37100,25500
2019-12-09,21700,37050,25100
2019-12-10,21700,36200,25550
2019-12-11,21900,36200,25350
2019-12-12,21950,36600,25450
2019-12-13,22400,37000,26250
2019-12-16,22500,36600,25900
2019-12-17,22550,37050,26200
2019-12-18,23000,36950,26200
2019-12-19,23150,37050,26150
2019-12-20,23000,37100,26100
2019-12-23,23000,36700,26150
2019-12-24,22900,36200,26000
2019-12-26,23500,37200,26500
2019-12-27,23850,37750,26750
2019-12-30,24150,38450,27350
2020-01-02,24100,37950,27500
2020-01-03,24200,37200,28400
2020-01-06,22900,35300,30000
2020-01-07,23250,36200,30750
2020-01-08,22650,35100,30550
2020-01-09,23600,36400,32050
2020-01-10,23500,35650,31750
2020-01-13,26050,38850,34700
2020-01-14,25900,38050,35000
2020-01-15,26500,37700,35800
2020-01-16,26850,37800,35150
2020-01-17,26850,37700,34950
2020-01-20,26800,37900,34450
2020-01-21,26250,36000,33300
2020-01-22,27300,36500,33950
2020-01-23,27000,36000,33300
2020-01-28,25200,32900,31300
2020-01-29,25900,33600,32750
2020-01-30,25450,33650,32550
2020-01-31,24700,32850,31600
2020-02-03,25200,33250,33950
2020-02-04,25450,33950,34200
2020-02-05,25300,33850,33500
2020-02-06,25700,34350,33650
2020-02-07,25750,33950,33900
2020-02-10,25600,33500,32650
2020-02-11,25500,34100,32000
2020-02-12,25350,34250,32700
2020-02-13,25050,34000,33200
2020-02-14,25100,33950,32650
2020-02-17,25600,34050,34600
2020-02-18,25200,33400,34050
2020-02-19,24800,33100,33900
2020-02-20,23950,32550,32900
2020-02-21,22850,31500,31050
2020-02-24,21500,30000,30050
2020-02-25,22900,31550,30600
2020-02-26,23000,31050,31750
2020-02-27,22500,30100,32000
2020-02-28,21150,28450,30300
2020-03-02,22500,29700,30900
2020-03-03,22600,29600,29950
2020-03-04,23550,29750,29700
2020-03-05,23050,29700,29100
2020-03-06,21550,28300,26450
2020-03-09,19850,26400,25100
2020-03-10,20500,26550,25300
2020-03-11,19650,26100,25150
2020-03-12,17700,23400,23250
2020-03-13,17900,22550,22700
2020-03-16,17850,21700,22200
2020-03-17,17800,21400,22400
2020-03-18,17400,20500,21000
2020-03-19,16550,19000,19550
2020-03-20,17700,19450,21350
2020-03-23,15350,16700,19450
2020-03-24,16600,18500,21400
2020-03-25,18150,20450,24650
2020-03-26,18000,20200,24650
2020-03-27,17950,20500,24400
2020-03-30,17600,20800,23800
2020-03-31,17800,21050,24050
2020-04-01,17350,20350,23100
2020-04-02,17700,21300,24100
2020-04-03,17600,21150,23650
2020-04-06,18450,22450,25000
2020-04-07,18850,22550,25300
2020-04-08,19250,22700,26250
2020-04-09,19200,23200,26550
2020-04-10,19950,24600,28900
2020-04-13,19450,24800,28000
2020-04-14,20350,25500,28900
2020-04-16,20800,26700,30550
2020-04-17,21000,26700,30850
2020-04-20,20850,26150,29600
2020-04-21,20250,25500,28700
2020-04-22,20250,25700,29250
2020-04-23,20300,26000,29150
2020-04-24,19800,25150,28050
2020-04-27,20100,25600,28850
2020-04-28,20800,27950,29550
2020-04-29,20750,27700,29650
2020-05-04,20450,27200,29850
2020-05-06,20750,28350,30600
2020-05-07,20800,28350,30950
2020-05-08,20950,28350,30600
2020-05-11,20550,27600,30050
2020-05-12,20100,26700,29400
2020-05-13,20750,26900,30650
2020-05-14,21400,26900,30500
2020-05-15,21300,26050,29500
2020-05-18,21350,26050,30450
2020-05-19,24050,28100,33200
2020-05-20,23800,27700,33500
2020-05-21,24100,27650,32900
2020-05-22,22950,27000,31500
2020-05-25,23100,27000,31400
2020-05-26,23600,27400,32100
2020-05-27,23800,27450,32150
2020-05-28,22850,26400,30300
2020-05-29,22850,26000,29600
2020-06-01,23650,26900,30450
2020-06-02,23250,27200,30250
2020-06-03,23200,27250,30450
2020-06-04,22800,26850,30050
2020-06-05,23050,27150,29900
2020-06-08,23600,27900,31850
2020-06-09,23350,27950,31850
2020-06-10,23550,27500,31950
2020-06-11,22850,26650,32000
2020-06-12,21900,25500,30400
2020-06-15,20250,23400,28550
2020-06-16,20800,24200,29750
2020-06-17,20850,24150,29700
2020-06-18,20350,23500,29600
2020-06-19,20300,23650,29800
2020-06-22,19850,23150,30450
2020-06-23,19900,23150,31200
2020-06-24,19900,23500,31500
2020-06-25,19100,22600,32500
2020-06-26,19150,22800,33850
2020-06-29,19150,21950,37000
2020-06-30,21200,24250,37250
2020-07-01,21650,24000,35600
2020-07-02,22950,26650,39450
2020-07-03,24250,28550,38750
2020-07-06,25200,28600,39200
2020-07-07,24950,29400,38600
2020-07-08,27900,31500,40400
2020-07-09,28150,31500,39600
2020-07-10,29050,32500,38350
2020-07-13,28550,32950,38250
2020-07-14,29200,33650,38750
2020-07-15,29250,32700,37450
2020-07-16,29450,32000,38000
2020-07-17,31250,33350,39650
2020-07-20,32450,33750,40000
2020-07-21,31950,32750,39000
2020-07-22,32000,31000,38350
2020-07-23,31400,31100,38850
2020-07-24,30300,30200,38300
2020-07-27,30850,31100,38700
2020-07-28,30250,30200,38950
2020-07-29,31250,30400,40400
2020-07-30,29700,30250,39450
2020-07-31,29850,31250,40700
2020-08-03,30100,32500,42650
2020-08-04,31800,33150,42950
2020-08-05,32850,33100,45000
2020-08-06,32150,33800,45050
2020-08-07,32500,34400,43950
2020-08-10,35400,34950,45600
2020-08-11,35200,34850,45700
2020-08-12,34800,34150,44250
2020-08-13,36850,35750,48250
2020-08-14,36350,35900,48500
2020-08-18,34500,35500,46750
2020-08-19,36950,39100,49300
2020-08-20,35000,37600,46500
2020-08-21,34650,35900,46700
2020-08-24,35200,35950,46800
2020-08-25,35600,36400,48700
2020-08-26,36250,36050,50400
2020-08-27,35000,34350,50900
2020-08-28,35100,35050,49000
2020-08-31,34850,34400,46650
2020-09-01,36500,35750,48450
2020-09-02,37500,37300,50200
2020-09-03,39900,38850,52200
2020-09-04,40800,38700,52300
2020-09-07,41000,38600,54700
2020-09-08,42450,39300,57600
2020-09-09,40650,38500,57700
2020-09-10,40600,37950,57700
2020-09-11,40800,37800,58700
2020-09-14,39950,37400,58000
2020-09-15,40050,37650,58000
2020-09-16,40100,37500,58300
2020-09-17,39200,36100,56300
2020-09-18,40000,35950,58000
2020-09-21,38550,35000,55600
2020-09-22,36900,34600,55200
2020-09-23,38300,35350,55900
2020-09-24,35350,33750,51900
2020-09-25,34700,33650,50900
2020-09-28,38150,35900,57000
2020-09-29,38250,35800,58000
2020-10-05,36450,33900,52500
2020-10-06,36550,33850,51500
2020-10-07,36800,33950,51600
2020-10-08,35950,33350,49800
2020-10-12,34900,33400,47600
2020-10-13,36600,34300,48100
2020-10-14,35950,34150,48150
2020-10-15,34050,31850,44900
2020-10-16,34550,30850,43850
2020-10-19,33500,30400,42650
2020-10-20,33400,30400,42950
2020-10-21,33800,31200,42600
2020-10-22,32550,29850,41700
2020-10-23,32750,29600,41950
2020-10-26,31600,28750,38700
2020-10-27,32200,29000,40400
2020-10-28,32950,30100,41150
2020-10-29,31850,29800,40450
2020-10-30,30550,28800,38700
2020-11-02,31700,29250,39850
2020-11-03,32500,29650,41000
2020-11-04,33400,30000,41150
2020-11-05,35300,31050,43850
2020-11-06,34450,30350,42500
2020-11-09,35150,30650,42950
2020-11-10,35850,31600,43900
2020-11-11,34950,31650,42800
2020-11-12,34850,32200,43650
2020-11-13,35900,32000,44350
2020-11-16,38100,32400,45300
2020-11-17,37950,30500,43850
2020-11-18,39850,30600,44900
2020-11-19,39800,29900,43850
2020-11-20,39900,30450,44600
2020-11-23,39950,30300,45450
2020-11-24,39000,30200,47150
2020-11-25,39900,29900,45950
2020-11-26,39000,30100,45150
2020-11-27,39300,30000,45050
2020-11-30,37950,29700,43800
2020-12-01,39350,29950,44050
2020-12-02,39150,29900,43750
2020-12-03,43250,31250,49050
2020-12-04,40650,30250,46600
2020-12-07,39150,29700,45550
2020-12-08,37900,30000,45900
2020-12-09,38050,30350,46650
2020-12-10,38600,30050,45800
2020-12-11,38750,30100,47300
2020-12-14,38200,29750,46800
2020-12-15,38050,29600,46750
2020-12-16,38100,29550,46900
2020-12-17,37100,29200,44900
2020-12-18,37300,29150,45200
2020-12-21,36750,28800,43800
2020-12-22,35350,28100,42400
2020-12-23,37150,28400,42800
2020-12-24,37050,28950,43050
2020-12-28,38500,29400,43450
2020-12-29,38650,29450,44450
2020-12-30,38400,29750,44700
2021-01-04,37550,29550,44050
2021-01-05,37250,29250,43300
2021-01-06,36700,29000,43000
2021-01-07,36650,29200,43000
2021-01-08,37800,29900,45100
2021-01-11,36200,29000,44000
2021-01-12,36900,28950,45250
2021-01-13,37000,30650,47000
2021-01-14,37050,30900,47000
2021-01-15,36250,29900,45500
2021-01-18,35900,29550,45300
2021-01-19,36500,30300,47050
2021-01-20,38500,31300,51000
2021-01-21,37850,31250,51200
2021-01-22,38000,32400,52900
2021-01-25,37700,33750,51800
2021-01-26,36400,32900,52000
2021-01-27,35200,32600,50400
2021-01-28,34150,31800,47050
2021-01-29,32500,30600,45350
2021-02-01,33600,30900,45750
2021-02-02,34100,31400,47500
2021-02-03,34300,31300,49100
2021-02-04,33450,30700,49050
2021-02-05,33350,30250,49150
2021-02-08,33400,30450,48900
2021-02-09,33150,30050,46650
2021-02-10,33800,30800,47150
2021-02-15,34150,30750,47150
2021-02-16,36450,31300,48550
2021-02-17,37600,30900,48600
2021-02-18,37000,30600,46900
2021-02-19,36700,30450,46000
2021-02-22,35650,29950,44800
2021-02-23,35500,30300,46150
2021-02-24,35500,30000,44700
2021-02-25,37450,30600,46050
2021-02-26,36500,30050,45700
2021-03-02,37800,30200,45900
2021-03-03,37950,32200,47100
2021-03-04,36950,32200,49150
2021-03-05,37450,32800,50300
2021-03-08,35700,31700,49850
2021-03-09,34200,30900,48500
2021-03-10,33300,30200,47100
2021-03-11,34300,31800,48400
2021-03-12,34500,30600,48350
2021-03-15,34300,30250,49250
2021-03-16,35000,30350,49300
2021-03-17,35150,30100,49750
2021-03-18,35200,30150,48150
2021-03-19,35350,30200,48000
2021-03-22,35400,30050,47950
2021-03-23,35400,29650,47550
2021-03-24,36150,29750,46550
2021-03-25,36500,29850,46250
2021-03-26,35700,29800,45250
2021-03-29,34850,29450,45100
2021-03-30,35600,29550,45050
2021-03-31,35600,29600,44500
2021-04-01,34700,29950,45250
2021-04-02,34900,29700,45300
2021-04-05,34550,29650,46000
2021-04-06,34400,29850,46150
2021-04-07,35000,30700,46200
2021-04-08,34950,30350,46200
2021-04-09,34300,30200,45350
2021-04-12,34050,30400,45100
2021-04-13,34200,30400,45250
2021-04-14,33950,30450,44900
2021-04-15,34100,30750,44600
2021-04-16,34800,30800,45100
2021-04-19,34350,30400,44950
2021-04-20,34500,30400,45200
2021-04-21,33850,29950,44500
2021-04-22,34150,29950,44550
2021-04-23,33800,29700,43850
2021-04-26,33800,30000,44500
2021-04-27,33950,30650,43850
2021-04-28,33350,30350,42950
2021-04-29,33350,30150,42400
2021-04-30,32900,30200,41550
2021-05-03,31500,29800,41000
2021-05-04,31550,29550,40950
2021-05-06,30950,30000,40600
2021-05-07,33050,32000,41900
2021-05-10,34000,32600,41900
2021-05-11,33050,31650,41500
2021-05-12,33900,31300,44500
2021-05-13,33450,31000,44900
2021-05-14,35900,33450,45100
2021-05-17,37650,35950,46100
2021-05-18,38250,38400,47250
2021-05-20,38200,39000,48350
2021-05-21,37050,40000,47950
2021-05-24,36950,40100,49050
2021-05-25,38650,42700,50000
2021-05-26,38600,42250,50000
2021-05-27,39000,42450,50500
2021-05-28,38250,42700,49400
2021-05-31,39600,43700,50900
2021-06-01,39650,44300,50900
2021-06-02,38800,44400,51000
2021-06-03,39400,47000,50400
2021-06-04,38650,43750,49900
2021-06-07,39450,45950,50000
2021-06-08,39500,43350,47950
2021-06-09,38950,44350,48350
2021-06-10,38900,44800,47900
2021-06-11,39950,47950,49750
2021-06-14,40850,47100,50700
2021-06-15,41300,51000,52400
2021-06-16,40300,51400,52700
2021-06-17,40800,55000,53700
2021-06-18,42950,54800,54800
2021-06-21,43050,53300,52800
2021-06-22,42150,54000,52200
2021-06-23,42900,55700,55300
2021-06-24,42150,56500,54200
2021-06-25,40200,54000,51100
2021-06-28,39950,55100,50400
2021-06-29,39750,59200,50400
2021-06-30,40500,58800,51200
2021-07-01,40750,58700,51900
2021-07-02,40100,60800,51400
2021-07-05,40750,61300,52600
2021-07-06,40100,60300,52700
2021-07-07,39100,59800,51200
2021-07-08,39000,58500,50500
2021-07-09,38650,59800,49400
2021-07-12,39150,62300,50000
2021-07-13,39950,65400,53600
2021-07-14,40700,65400,55400
2021-07-15,40300,64400,55700
2021-07-16,40250,64000,56900
2021-07-19,39850,62300,56600
2021-07-20,39600,60800,54300
2021-07-21,40150,60800,56200
2021-07-22,40550,62600,55800
2021-07-23,41850,63500,56200
2021-07-26,42350,63800,56500
2021-07-27,40600,62400,54400
2021-07-28,40250,61400,53800
2021-07-29,40500,61800,54100
2021-07-30,40000,58800,52700
2021-08-02,40000,60200,53700
2021-08-03,39450,62700,52800
2021-08-04,40750,71900,55000
2021-08-05,41300,69300,54400
2021-08-06,43800,69100,57200
2021-08-09,44600,69700,57700
2021-08-10,43900,68400,55500
2021-08-11,43600,68500,55200
2021-08-12,45450,66900,61600
2021-08-13,44600,65300,61300
2021-08-17,43400,63800,59300
2021-08-18,42250,68000,59600
2021-08-19,40300,65600,58700
2021-08-20,38800,63000,55400
2021-08-23,40800,67300,58200
2021-08-24,42950,72100,60000
2021-08-25,43900,72400,60200
2021-08-26,44850,72800,62100
2021-08-27,43800,72100,60800
2021-08-30,42300,69500,60000
2021-08-31,42650,69100,60600
2021-09-01,42350,68600,60600
2021-09-02,41300,66900,59000
2021-09-03,40650,65600,57500
2021-09-06,40700,65000,58300
2021-09-07,41400,68400,58500
2021-09-08,40100,63900,56000
2021-09-09,40100,62900,56200
2021-09-10,39800,63100,55300
2021-09-13,39500,63300,53000
2021-09-14,40250,64300,53800
2021-09-15,40050,66200,53400
2021-09-16,39700,64900,54500
2021-09-17,40150,65000,54500
2021-09-23,39750,64900,52800
2021-09-24,39350,63400,52900
2021-09-27,39700,63600,53200
2021-09-28,40100,63600,56300
2021-09-29,40200,63000,58000
2021-09-30,42650,69200,61800
2021-10-01,41400,71000,61600
2021-10-05,43400,79000,64800
2021-10-06,42800,78200,64700
2021-10-07,43100,76300,65700
2021-10-08,42200,76900,63300
2021-10-12,40750,74800,59700
2021-10-13,41050,74800,59800
2021-10-14,42100,77600,62600
2021-10-15,41950,76800,63000
2021-10-18,42800,72800,63000
2021-10-19,43900,75500,64300
2021-10-20,48950,79400,67400
2021-10-21,49500,76600,67200
2021-10-22,50000,75100,65400
2021-10-25,49000,74900,66500
2021-10-26,53400,81700,70900
2021-10-27,53600,83100,71500
2021-10-28,52300,78000,68300
2021-10-29,52400,78200,70300
2021-11-01,53300,80300,70700
2021-11-02,53700,79400,73000
2021-11-03,52900,77300,70600
2021-11-04,53000,75600,69800
2021-11-05,51100,76100,70300
2021-11-08,52600,79400,71400
2021-11-09,54200,80500,73100
2021-11-10,52100,76100,70700
2021-11-11,53000,78000,72400
2021-11-12,51800,77000,71500
2021-11-15,53300,80400,70900
2021-11-16,54000,79900,68500
2021-11-17,55400,84000,69100
2021-11-18,54700,79300,67000
2021-11-19,51500,77200,65900
2021-11-22,50400,73600,64100
2021-11-23,49800,71400,62500
2021-11-24,50600,74300,62700
2021-11-25,49900,74200,60800
2021-11-26,47400,70000,57900
2021-11-29,47050,69800,56500
2021-11-30,45400,67300,55700
2021-12-01,45650,67300,55100
2021-12-02,44350,64500,52900
2021-12-03,47200,71800,55700
2021-12-06,46500,70700,54400
2021-12-07,48000,72500,56300
2021-12-08,48250,73300,55400
2021-12-09,48650,74700,56300
2021-12-10,47650,76100,54800
2021-12-13,47200,75500,54100
2021-12-14,46850,73500,53700
2021-12-15,46700,71900,53200
2021-12-16,48450,71500,54200
2021-12-17,47650,71400,53100
2021-12-20,47000,70100,51600
2021-12-21,49150,72100,52200
2021-12-22,49650,73200,53600
2021-12-23,48700,70900,53500
2021-12-24,48850,72000,53400
2021-12-27,49200,74100,54500
2021-12-28,51400,78100,57100
2021-12-29,50300,74900,55800
2021-12-30,50700,74200,55700
2022-01-03,50700,73600,56300
2022-01-04,48050,70700,54800
2022-01-05,46950,66600,53600
2022-01-06,44850,61900,51600
2022-01-07,45750,63700,51800
2022-01-10,45250,63400,51000
2022-01-11,45700,66000,50200
2022-01-12,45900,67500,51100
2022-01-13,45500,69000,50500
2022-01-14,44400,68200,49200
2022-01-17,44700,68400,49250
2022-01-18,45050,67900,49050
2022-01-19,44000,66300,46900
2022-01-20,45400,69500,51000
2022-01-21,44500,69200,51500
2022-01-24,42050,63900,50000
2022-01-25,41850,63500,49150
2022-01-26,40200,60500,47700
2022-01-27,38350,56000,45300
2022-01-28,41000,58900,49000
2022-02-03,42150,62200,50600
2022-02-04,44250,67300,54100
2022-02-07,44000,67200,55100
2022-02-08,44200,66200,56600
2022-02-09,44500,68800,56300
2022-02-10,43700,66800,54700
2022-02-11,42800,65500,55000
2022-02-14,42650,65300,55000
2022-02-15,41800,65300,54300
2022-02-16,44450,68100,57300
2022-02-17,44350,66600,57000
2022-02-18,44650,67300,57400
2022-02-21,47900,70800,61400
2022-02-22,48500,71800,61800
2022-02-23,48550,71600,61900
2022-02-24,47500,70500,60900
2022-02-25,49250,71400,64800
2022-02-28,49850,74200,65700
2022-03-02,51200,75200,66200
2022-03-03,50600,75000,64700
2022-03-04,50600,75500,65500
2022-03-07,50200,74700,65600
2022-03-08,50000,73500,63800
2022-03-10,52000,77300,67000
2022-03-11,53300,79900,68300
2022-03-14,52800,80000,67200
2022-03-15,53000,79800,67400
2022-03-16,53300,79200,66700
2022-03-17,52400,75000,65900
2022-03-18,52800,76500,66300
2022-03-21,51900,73900,65800
2022-03-22,56300,76600,69400
2022-03-23,57000,75200,68300
2022-03-24,57500,77200,69100
2022-03-25,57200,77800,68900
2022-03-28,57100,75200,67000
2022-03-29,57500,76000,66800
2022-03-30,60800,79600,68600
2022-03-31,61400,81600,68400
2022-04-01,62900,85900,71100
2022-04-04,62400,82200,70300
2022-04-05,62000,80500,65800
2022-04-06,62600,80400,64400
2022-04-07,62600,77900,62300
2022-04-08,64700,77000,62800
2022-04-11,64500,74900,61900
2022-04-12,62500,74700,62800
2022-04-13,63500,76400,62900
2022-04-14,62100,76900,61400
2022-04-15,63400,77200,64000
2022-04-18,58800,72400,60000
2022-04-19,60600,73800,60100
2022-04-20,58900,71400,59200
2022-04-21,58900,70500,58400
2022-04-22,57600,68900,56700
2022-04-25,58600,67500,55900
2022-04-26,60000,68600,57200
2022-04-27,60300,68800,58000
2022-04-28,58900,68400,56500
2022-04-29,59400,68200,57000
2022-05-02,59500,67000,56500
2022-05-03,60100,68300,57500
2022-05-04,60000,67900,58100
2022-05-06,59800,66500,57500
2022-05-09,56200,61200,55100
2022-05-10,56700,61700,55300
2022-05-11,56500,61500,55800
2022-05-12,53900,58000,52000
2022-05-13,54700,60400,53900
2022-05-16,56600,61300,55200
2022-05-17,57000,68700,55800
2022-05-18,57000,71400,55600
2022-05-19,54600,70200,54700
2022-05-20,54400,71800,55700
2022-05-23,53500,68700,54600
2022-05-24,52900,68000,53900
2022-05-25,54100,68000,55100
2022-05-26,53300,67600,54400
2022-05-27,54400,68800,55500
2022-05-30,56600,70300,56400
2022-05-31,56900,69500,56600
2022-06-02,55400,67000,55700
2022-06-03,55300,66900,56000
2022-06-07,55300,65500,54700
2022-06-08,58700,67900,57000
2022-06-09,59400,70300,57500
2022-06-10,58400,70900,57100
2022-06-13,56300,68500,53800
2022-06-14,54700,67400,52700
2022-06-15,54300,67100,48800
2022-06-16,54800,69800,49250
2022-06-17,53800,69200,48350
2022-06-20,54000,69200,47000
2022-06-21,53700,69400,47100
2022-06-22,49000,64500,43450
2022-06-23,47450,60700,41850
2022-06-24,51800,66100,44700
2022-06-27,52100,68000,45950
2022-06-28,50600,66600,45300
2022-06-29,49200,64500,45050
2022-06-30,48250,63100,44150
2022-07-01,48000,61900,43600
2022-07-04,49550,64600,44600
2022-07-05,50200,64800,46050
2022-07-06,51900,64800,48950
2022-07-07,52600,65300,49000
2022-07-08,53400,68500,49650
2022-07-11,53500,68300,50800
2022-07-12,52400,67000,50600
2022-07-13,54800,68500,51500
2022-07-14,55300,70500,53500
2022-07-15,55100,69800,53500
2022-07-18,55100,69300,53700
2022-07-19,55800,69600,54300
2022-07-20,56500,70900,54100
2022-07-21,56500,71400,54300
2022-07-22,55700,70800,54100
2022-07-25,57100,72500,56100
2022-07-26,56000,71200,54200
2022-07-27,55200,68200,54000
2022-07-28,55400,67900,54500
2022-07-29,55500,69100,55100
2022-08-01,54900,68000,54700
2022-08-02,55400,68800,54900
2022-08-03,57900,72400,55900
2022-08-04,57300,72700,55900
2022-08-05,57000,73000,55500
2022-08-08,57400,74500,56700
2022-08-09,59200,75900,59500
2022-08-10,56800,72900,58000
2022-08-11,59100,75000,59500
2022-08-12,59000,75000,61900
2022-08-16,61200,76200,62400
2022-08-17,59300,70300,60500
2022-08-18,61000,70300,61300
2022-08-19,60000,68600,58300
2022-08-22,59200,67800,59100
2022-08-23,58400,66100,56000
2022-08-24,60400,66800,58200
2022-08-25,61700,67400,61100
2022-08-26,60700,68200,60400
2022-08-29,58900,66100,57800
2022-08-30,60300,67400,60100
2022-08-31,61100,69200,60600
2022-09-01,59600,68000,58500
2022-09-02,60900,67600,58400
2022-09-05,61400,66600,57400
2022-09-06,61500,67000,57400
2022-09-07,61600,67200,56300
2022-09-08,63000,67600,57200
2022-09-13,63000,68300,57000
2022-09-14,61100,65600,53800
2022-09-15,61600,64500,52100
2022-09-16,61700,76500,53400
2022-09-19,61300,73300,52500
2022-09-20,62300,77000,51900
2022-09-21,62400,77400,51200
2022-09-22,60400,77100,50300
2022-09-23,59800,74000,48450
2022-09-26,57100,70600,47500
2022-09-27,58400,73100,49350
2022-09-28,54700,67800,45200
2022-09-29,58100,70200,46450
2022-09-30,58800,70800,48450
2022-10-04,59600,70000,49200
2022-10-05,57100,66900,46000
2022-10-06,56700,66600,46200
2022-10-07,55700,66600,45250
2022-10-11,53300,61600,43050
2022-10-12,56500,63400,44300
2022-10-13,54600,63200,42350
2022-10-14,57000,69200,45000
2022-10-17,57400,68700,45350
2022-10-18,56800,69200,45450
2022-10-19,55100,67400,44050
2022-10-20,52900,65300,43500
2022-10-21,51800,65000,43550
2022-10-24,54300,67000,43400
2022-10-25,55300,70200,43400
2022-10-26,54100,69800,42550
2022-10-27,55400,72800,43450
2022-10-28,54800,71500,42850
2022-10-31,55500,71100,42750
2022-11-01,55500,66900,42350
2022-11-02,55500,65100,42250
2022-11-03,52900,63900,41150
2022-11-04,53000,63000,41450
2022-11-07,53200,64000,41600
2022-11-08,54800,64800,42500
2022-11-09,55300,63400,41600
2022-11-10,56000,62900,41250
2022-11-11,56800,65500,42800
2022-11-14,56800,65800,41000
2022-11-15,58200,68100,41850
2022-11-16,60300,71700,43300
2022-11-17,61500,73900,42200
2022-11-18,59500,73900,41100
2022-11-21,59400,75200,40150
2022-11-22,59100,73400,40300
2022-11-23,61200,76700,40950
2022-11-24,61700,77200,42900
2022-11-25,61600,77200,42800
2022-11-28,60300,77500,42450
2022-11-29,61200,80300,44900
2022-11-30,60600,79300,43900
2022-12-01,64600,81700,45300
2022-12-02,64500,82100,44950
2022-12-05,64200,81400,45350
2022-12-06,63800,79200,43650
2022-12-07,63300,79200,44250
2022-12-08,63400,78000,43950
2022-12-09,65000,79000,45200
2022-12-12,65100,79400,44900
2022-12-13,63800,78800,44250
2022-12-14,65300,79100,45300
2022-12-15,64200,77800,44050
2022-12-16,65200,78000,45300
2022-12-19,67500,81200,46850
2022-12-20,66300,78500,44250
2022-12-21,66200,78000,44600
2022-12-22,67900,79800,47750
2022-12-23,66900,77100,46050
2022-12-26,67300,79100,45350
2022-12-27,68200,79300,45000
2022-12-28,66900,76000,42800
2022-12-29,67800,76700,43850
